
CREATE TABLE IF NOT EXISTS Request(Request_ID VARCHAR(9) NOT NULL UNIQUE,
						Employee_ID INTEGER(8) NOT NULL,
                        Request_Type ENUM('Loan Application', 'Savings Account', 'Membership') NOT NULL,
                        Request_Status ENUM('Accepted', 'Rejected', 'Pending') NOT NULL DEFAULT 'Pending',
                        PRIMARY KEY (Request_ID),
                        FOREIGN KEY (Employee_ID) REFERENCES Employee(Employee_ID) ON UPDATE CASCADE);
                        
CREATE TABLE IF NOT EXISTS Positions(Position VARCHAR(40) NOT NULL UNIQUE,
						PRIMARY KEY (Position));
INSERT INTO Positions
VALUES ('CEO'), ('Vice CEO'), ('Secretary'), ('Treasurer'), ('Auditor'), ('Collections Director'), ('Loans Director'),
('Savings Director'), ('Transactions Director'), ('Applications Director'), ('Member');

CREATE TABLE IF NOT EXISTS Membership(Member_ID VARCHAR(9) NOT NULL UNIQUE,
						Request_ID VARCHAR(9) NOT NULL,
                        Member_Status ENUM('Active', 'Inactive', 'Probation', 'Dismissed') NOT NULL,
                        Member_Position VARCHAR(40) NOT NULL,
                        Member_DateElected DATE NOT NULL,
                        Member_Dividend DECIMAL(8, 2) DEFAULT 0.00,
                        Member_MeetAttended DATE,
                        PRIMARY KEY (Member_ID),
                        FOREIGN KEY (Request_ID) REFERENCES Request(Request_ID) ON UPDATE CASCADE,
                        FOREIGN KEY (Member_Position) REFERENCES Positions(Position));

CREATE TABLE IF NOT EXISTS CM_Payout(CMTransaction_ID INTEGER(9) NOT NULL UNIQUE,
						Member_ID VARCHAR(9) NOT NULL,
                        Transaction_Date DATE NOT NULL,
                        Transaction_Time TIME NOT NULL,
                        Amount DECIMAL(8, 2) NOT NULL,
                        PRIMARY KEY (CMTransaction_ID),
                        FOREIGN KEY (Member_ID) REFERENCES Membership(Member_ID) ON UPDATE CASCADE);
                        
                        
CREATE TABLE IF NOT EXISTS SavingsAccounts(Savings_ID VARCHAR(9) NOT NULL UNIQUE,
								Request_ID VARCHAR(9) NOT NULL,
                                Savings_Amount DECIMAL(8, 2) DEFAULT 0.00,
                                Savings_InterestRate DECIMAL(2, 2) DEFAULT 0.01,
                                Savings_PreviousInterest DECIMAL(8, 2) DEFAULT 0.00,
                                PRIMARY KEY (Savings_ID),
                                FOREIGN KEY (Request_ID) REFERENCES Request(Request_ID) ON UPDATE CASCADE);
                                
CREATE TABLE IF NOT EXISTS CS_Transaction(CSTransaction_ID INTEGER(9) NOT NULL UNIQUE,
						Savings_ID VARCHAR(9) NOT NULL,
                        Transaction_Type ENUM('Withdraw', 'Deposit') NOT NULL,
                        Transaction_Date DATE NOT NULL,
                        Transaction_Time TIME NOT NULL,
                        Amount DECIMAL(8, 2) NOT NULL,
                        PRIMARY KEY (CSTransaction_ID),
                        FOREIGN KEY (Savings_ID) REFERENCES SavingsAccounts(Savings_ID) ON UPDATE CASCADE);
                                

CREATE TABLE IF NOT EXISTS LoanRecords(Loan_ID VARCHAR(9) NOT NULL UNIQUE,
							Request_ID VARCHAR(9) NOT NULL,
                            Loan_TotalAmount DECIMAL(8, 2) NOT NULL,
                            Loan_AmountPaid DECIMAL(8, 2) DEFAULT 0.00,
                            Loan_AmountPayable DECIMAL(8, 2) NOT NULL,
                            Loan_InterestRate DECIMAL(2, 2) DEFAULT 0.03,
                            Loan_MonthlyInterest DECIMAL(8, 2) DEFAULT 0.00,
                            Loan_CumulativeInterest DECIMAL(8, 2) DEFAULT 0.00,
                            Loan_Date DATE NOT NULL,
                            Loan_Time TIME NOT NULL,
                            Loan_Status ENUM('Paying', 'Paid', 'Overdue') DEFAULT 'Paying',
                            Loan_Deadline DATE NOT NULL,
                            PRIMARY KEY (Loan_ID),
                            FOREIGN KEY (Request_ID) REFERENCES Request(Request_ID) ON UPDATE CASCADE);

CREATE TABLE IF NOT EXISTS CL_Transaction(CLTransaction_ID INTEGER(9) NOT NULL UNIQUE,
						Loan_ID VARCHAR(9) NOT NULL,
                        Transaction_Type ENUM('Loan', 'Payment') NOT NULL,
                        Transaction_Date DATE NOT NULL,
                        Transaction_Time TIME NOT NULL,
                        Amount DECIMAL(8, 2) NOT NULL,
                        PRIMARY KEY (CLTransaction_ID),
                        FOREIGN KEY (Loan_ID) REFERENCES LoanRecords(Loan_ID) ON UPDATE CASCADE);

DELIMITER //
CREATE TRIGGER CheckAccountRequestStatus
BEFORE INSERT ON SavingsAccounts
FOR EACH ROW
BEGIN
	DECLARE State VARCHAR(40);
    
    SELECT Request_Status INTO State
    FROM Request
    WHERE Request_ID = NEW.Request_ID;
    
    IF State = 'Pending' THEN
		SIGNAL SQLSTATE '45000'
        SET MESSAGE_TEXT = 'Request is being processed, awaiting for approval';
	ELSEIF State = 'Rejected' THEN
		SIGNAL SQLSTATE '45000'
        SET MESSAGE_TEXT = 'Request has been denied';
	END IF;
END //

CREATE TRIGGER CheckMemberRequestStatus
BEFORE INSERT ON Membership
FOR EACH ROW
BEGIN
	DECLARE State VARCHAR(40);
    
    SELECT Request_Status INTO State
    FROM Request
    WHERE Request_ID = NEW.Request_ID;
    
    IF State = 'Pending' THEN
		SIGNAL SQLSTATE '45000'
        SET MESSAGE_TEXT = 'Request is being processed, awaiting for approval';
	ELSEIF State = 'Rejected' THEN
		SIGNAL SQLSTATE '45000'
        SET MESSAGE_TEXT = 'Request has been denied';
	END IF;
END //

CREATE TRIGGER CheckLoanRequestStatus
BEFORE INSERT ON LoanRecords
FOR EACH ROW
BEGIN
	DECLARE State VARCHAR(40);
    
    SELECT Request_Status INTO State
    FROM Request
    WHERE Request_ID = NEW.Request_ID;
    
    IF State = 'Pending' THEN
		SIGNAL SQLSTATE '45000'
        SET MESSAGE_TEXT = 'Request is being processed, awaiting for approval';
	ELSEIF State = 'Rejected' THEN
		SIGNAL SQLSTATE '45000'
        SET MESSAGE_TEXT = 'Request has been denied';
	END IF;
END //
	
CREATE TRIGGER UpdateDividendReceived
AFTER INSERT ON CM_Payout
FOR EACH ROW
BEGIN
	UPDATE Membership
    SET Member_Dividend = NEW.Amount
    WHERE Member_ID = NEW.Member_ID;
END //

CREATE TRIGGER UpdateLoanPayable
AFTER INSERT ON CL_Transaction
FOR EACH ROW
BEGIN
    DECLARE PaidAmount DECIMAL(8, 2);
    DECLARE PayableAmount DECIMAL(8, 2);
    
    SELECT Loan_AmountPaid, Loan_AmountPayable
    INTO PaidAmount, PayableAmount
    FROM LoanRecords
    WHERE Loan_ID = NEW.Loan_ID;
    
    IF NEW.Transaction_Type = 'Payment' THEN
		UPDATE LoanRecords
		SET Loan_AmountPaid = PaidAmount + NEW.Amount,
			Loan_AmountPayable = PayableAmount - NEW.Amount,
            Loan_Status = CASE
							WHEN Loan_AmountPayable > 0 AND CURRENT_DATE() < Loan_Deadline THEN 'Paying'
                            WHEN Loan_AmountPayable = 0 THEN 'Paid'
                            ELSE 'Overdue'
						END
		WHERE Loan_ID = NEW.Loan_ID;
	END IF;
    
END //

CREATE TRIGGER UpdateSavingsAmount
AFTER INSERT ON CS_Transaction
FOR EACH ROW
BEGIN
    DECLARE Balance DECIMAL(8, 2);

    SELECT Savings_Amount INTO Balance
    FROM SavingsAccounts
    WHERE Savings_ID = NEW.Savings_ID;

    IF NEW.Transaction_Type = 'Deposit' THEN
        UPDATE SavingsAccounts
        SET Savings_Amount = Balance + NEW.Amount
        WHERE Savings_ID = NEW.Savings_ID;
    ELSEIF NEW.Transaction_Type = 'Withdraw' THEN
        UPDATE SavingsAccounts
        SET Savings_Amount = Balance - NEW.Amount
        WHERE Savings_ID = NEW.Savings_ID;
    END IF;
END //

CREATE TRIGGER CheckAmountPayable
BEFORE INSERT ON CL_Transaction
FOR EACH ROW
BEGIN
	DECLARE AmountPayable DECIMAL(8, 2);
    
    SELECT Loan_AmountPayable INTO AmountPayable
    FROM LoanRecords
    WHERE Loan_ID = NEW.Loan_ID;
    
    IF AmountPayable < NEW.Amount AND NEW.Transaction_Type = 'Payment' THEN
		SIGNAL SQLSTATE '45000'
        SET MESSAGE_TEXT = 'Transaction amount exceeds amount payable of the loan account';
	END IF;
END //
    
CREATE TRIGGER CheckWithdrawAmount
BEFORE INSERT ON CS_Transaction
FOR EACH ROW
BEGIN
	DECLARE Amount DECIMAL(8, 2);
    
    SELECT Savings_Amount INTO Amount
    FROM SavingsAccounts
    WHERE Savings_ID = NEW.Savings_ID;
    
    IF Amount < NEW.Amount AND NEW.Transaction_Type = 'Withdraw' THEN
		SIGNAL SQLSTATE '45000'
        SET MESSAGE_TEXT = 'Not enough funds in account!';
	END IF;
END //

CREATE TRIGGER ComputeMonthlyInterest
BEFORE INSERT ON LoanRecords
FOR EACH ROW
BEGIN
    SET NEW.Loan_MonthlyInterest = NEW.Loan_TotalAmount * NEW.Loan_InterestRate, 
    NEW.Loan_AmountPayable = NEW.Loan_TotalAmount;
END //

CREATE TRIGGER InsertInCL_Transactions
AFTER INSERT ON LoanRecords
FOR EACH ROW
BEGIN
	DECLARE ID INT(9);
    
    SET ID = FLOOR(RAND()*(999999999-100000000+1)+100000000);
    
	INSERT INTO CL_Transaction(CLTransaction_ID, Loan_ID, Transaction_Type, Transaction_Date, Transaction_Time, Amount)
    VALUES
    (ID, NEW.Loan_ID, 'Loan', NEW.Loan_Date, NEW.Loan_Time, NEW.Loan_TotalAmount);
END //

CREATE PROCEDURE UpdateMemberStatus()
BEGIN
	UPDATE Membership
    SET Member_Status = CASE 
							WHEN Member_Status = 'Active' AND TIMESTAMPDIFF(DAY, Member_MeetAttended, CURRENT_DATE()) > 365 THEN 'Inactive'
                            ELSE Member_Status
						END;
END //

CREATE PROCEDURE UpdateLoanStatus()
BEGIN
	UPDATE LoanRecords
    SET Loan_Status = CASE
							WHEN Loan_AmountPayable > 0 AND CURRENT_DATE() < Loan_Deadline THEN 'Paying'
                            WHEN Loan_AmountPayable = 0 THEN 'Paid'
                            ELSE 'Overdue'
						END;
END //

CREATE PROCEDURE UpdateLoanInterest()
BEGIN
	UPDATE LoanRecords
    SET Loan_AmountPayable = CASE
								WHEN Loan_Status != 'Paid' AND (TIMESTAMPDIFF(DAY, Loan_Date, CURRENT_DATE()) % 31) + 1 = 0 THEN Loan_AmountPayable + Loan_MonthlyInterest
								ELSE Loan_AmountPayable
							END,
        Loan_CumulativeInterest = CASE
								WHEN Loan_Status != 'Paid' AND (TIMESTAMPDIFF(DAY, Loan_Date, CURRENT_DATE()) % 31) + 1 = 0 THEN Loan_CumulativeInterest + Loan_MonthlyInterest
                                ELSE Loan_CumulativeInterest
							END;
END //

CREATE PROCEDURE UpdateSavingsInterest()
BEGIN
	UPDATE SavingsAccounts
    SET Savings_PreviousInterest = Savings_Amount * Savings_InterestRate/90,
		Savings_Amount = Savings_Amount + (Savings_Amount * Savings_InterestRate/90);
END//

CREATE PROCEDURE CallAll()
BEGIN
	CALL UpdateMemberStatus();
    CALL UpdateLoanStatus();
    CALL UpdateLoanInterest();
    CALL UpdateSavingsInterest();
END //

DELIMITER ;

CREATE EVENT ServerUpdate
ON SCHEDULE EVERY 1 DAY
DO CALL CallAll();

INSERT INTO Request
VALUES ('JS2016084', '20160001', 'Membership', 'Accepted'),
('JD2017596', '20170004', 'Membership', 'Accepted'),
('RJ2018666', '20180006', 'Membership', 'Accepted'),
('ED2017958', '20170056', 'Membership', 'Accepted'),
('MW2018125', '20180025', 'Membership', 'Accepted'),
('SM2019920', '20190013', 'Membership', 'Accepted'),
('DT2019910', '20190014', 'Membership', 'Accepted'),
('OA2023895', '20230007', 'Membership', 'Accepted'),
('WB2023741', '20230012', 'Membership', 'Accepted'),
('AM2022041', '20220001', 'Membership', 'Accepted'),
('IT2017435', '20170007', 'Membership', 'Accepted'),
('ES2023845', '20230008', 'Membership', 'Accepted'),
('LR2023994', '20230009', 'Membership', 'Accepted'),
('GC2023638', '20230010', 'Membership', 'Accepted'),
('EM2023513', '20230011', 'Membership', 'Accepted'),
('HS2016879', '20160002', 'Membership', 'Accepted'),
('BW2016162', '20160076', 'Membership', 'Accepted'),
('MG2018546', '20180004', 'Membership', 'Accepted'),
('SO2023844', '20230021', 'Membership', 'Accepted'),
('JJ2019395', '20190011', 'Membership', 'Accepted'),
('JS2016376', '20160001', 'Savings Account', 'Accepted'),
('JD2017668', '20170004', 'Savings Account', 'Accepted'),
('RJ2018913', '20180006', 'Savings Account', 'Accepted'),
('ED2017066', '20170056', 'Savings Account', 'Accepted'),
('MW2018367', '20180025', 'Savings Account', 'Accepted'),
('SM2019371', '20190013', 'Savings Account', 'Accepted'),
('DT2019584', '20190014', 'Savings Account', 'Accepted'),
('OA2023468', '20230007', 'Savings Account', 'Accepted'),
('WB2023791', '20230012', 'Savings Account', 'Accepted'),
('AM2022345', '20220001', 'Savings Account', 'Accepted'),
('IT2017801', '20170007', 'Savings Account', 'Accepted'),
('ES2023789', '20230008', 'Savings Account', 'Accepted'),
('LR2023546', '20230009', 'Savings Account', 'Accepted'),
('GC2023772', '20230010', 'Savings Account', 'Accepted'),
('EM2023166', '20230011', 'Savings Account', 'Accepted'),
('HS2016799', '20160002', 'Savings Account', 'Accepted'),
('BW2016196', '20160076', 'Savings Account', 'Accepted'),
('MG2018512', '20180004', 'Savings Account', 'Accepted'),
('SO2023287', '20230021', 'Savings Account', 'Accepted'),
('JJ2019226', '20190011', 'Savings Account', 'Accepted'),
('JS2023205', '20160001', 'Loan Application', 'Accepted'),
('JD2022564', '20170004', 'Loan Application', 'Accepted'),
('RJ2020714', '20180006', 'Loan Application', 'Accepted'),
('ED2019073', '20170056', 'Loan Application', 'Accepted'),
('MW2022476', '20180025', 'Loan Application', 'Accepted'),
('SM2019062', '20190013', 'Loan Application', 'Accepted'),
('DT2022046', '20190014', 'Loan Application', 'Accepted'),
('OA2023387', '20230007', 'Loan Application', 'Accepted'),
('WB2023037', '20230012', 'Loan Application', 'Accepted'),
('AM2022879', '20220001', 'Loan Application', 'Accepted'),
('IT2017471', '20170007', 'Loan Application', 'Accepted'),
('ES2023237', '20230008', 'Loan Application', 'Accepted'),
('LR2023268', '20230009', 'Loan Application', 'Accepted'),
('GC2023811', '20230010', 'Loan Application', 'Accepted'),
('EM2023772', '20230011', 'Loan Application', 'Accepted'),
('HS2017391', '20160002', 'Loan Application', 'Accepted'),
('BW2023370', '20160076', 'Loan Application', 'Accepted'),
('MG2019020', '20180004', 'Loan Application', 'Accepted'),
('SO2023760', '20230021', 'Loan Application', 'Accepted'),
('JJ2019228', '20190011', 'Loan Application', 'Accepted');

INSERT INTO Membership(Member_ID, Request_ID, Member_Status, Member_Position, Member_DateElected, Member_MeetAttended)
VALUES
('MAM226763', 'AM2022041', 'Active', 'CEO', '2024-01-01', '2024-01-01'),
('MBW161337', 'BW2016162', 'Active', 'Vice CEO', '2024-01-01', '2024-01-01'),
('MDT197617', 'DT2019910', 'Active', 'Secretary', '2024-01-01', '2024-01-01'),
('MED177560', 'ED2017958', 'Active', 'Treasurer', '2024-01-01', '2024-01-01'),
('MEM231341', 'EM2023513', 'Active', 'Auditor', '2024-01-01', '2024-01-01'),
('MES230691', 'ES2023845', 'Active', 'Collections Director', '2024-01-01', '2024-01-01'),
('MGC238640', 'GC2023638', 'Active', 'Loans Director', '2024-01-01', '2024-01-01'),
('MHS168115', 'HS2016879', 'Active', 'Savings Director', '2024-01-01', '2024-01-01'),
('MIT170197', 'IT2017435', 'Active', 'Transactions Director', '2024-01-01', '2024-01-01'),
('MJD174100', 'JD2017596', 'Active', 'Applications Director', '2024-01-01', '2024-01-01'),
('MJJ199066', 'JJ2019395', 'Active', 'Member', '2024-01-01', '2024-01-01'),
('MJS165006', 'JS2016084', 'Active', 'Member', '2024-01-01', '2024-01-01'),
('MLR231405', 'LR2023994', 'Active', 'Member', '2024-01-01', '2024-01-01'),
('MMG183689', 'MG2018546', 'Active', 'Member', '2024-01-01', '2024-01-01'),
('MMW187798', 'MW2018125', 'Active', 'Member', '2024-01-01', '2024-01-01'),
('MOA235082', 'OA2023895', 'Active', 'Member', '2024-01-01', '2024-01-01'),
('MRJ188859', 'RJ2018666', 'Active', 'Member', '2024-01-01', '2024-01-01'),
('MSM196784', 'SM2019920', 'Active', 'Member', '2024-01-01', '2024-01-01'),
('MSO232829', 'SO2023844', 'Active', 'Member', '2024-01-01', '2024-01-01'),
('MWB237381', 'WB2023741', 'Active', 'Member', '2024-01-01', '2024-01-01');

INSERT INTO CM_Payout(CMTransaction_ID, Member_ID, Transaction_Date, Transaction_Time, Amount)
VALUES
('100285095', 'MAM226763', '2024-01-02', '12:00:00', '4567.5'),
('62195518', 'MBW161337', '2024-01-02', '12:00:00', '4567.5'),
('938909678', 'MDT197617', '2024-01-02', '12:00:00', '4567.5'),
('836945765', 'MED177560', '2024-01-02', '12:00:00', '4567.5'),
('534741357', 'MEM231341', '2024-01-02', '12:00:00', '4567.5'),
('727509544', 'MES230691', '2024-01-02', '12:00:00', '4567.5'),
('966269202', 'MGC238640', '2024-01-02', '12:00:00', '4567.5'),
('120556', 'MHS168115', '2024-01-02', '12:00:00', '4567.5'),
('378719930', 'MIT170197', '2024-01-02', '12:00:00', '4567.5'),
('488895221', 'MJD174100', '2024-01-02', '12:00:00', '4567.5'),
('571585554', 'MJJ199066', '2024-01-02', '12:00:00', '4567.5'),
('268933751', 'MJS165006', '2024-01-02', '12:00:00', '4567.5'),
('19455583', 'MLR231405', '2024-01-02', '12:00:00', '4567.5'),
('321065942', 'MMG183689', '2024-01-02', '12:00:00', '4567.5'),
('465496033', 'MMW187798', '2024-01-02', '12:00:00', '4567.5'),
('983124137', 'MOA235082', '2024-01-02', '12:00:00', '4567.5'),
('347382198', 'MRJ188859', '2024-01-02', '12:00:00', '4567.5'),
('137743049', 'MSM196784', '2024-01-02', '12:00:00', '4567.5'),
('327084765', 'MSO232829', '2024-01-02', '12:00:00', '4567.5'),
('499773412', 'MWB237381', '2024-01-02', '12:00:00', '4567.5');

INSERT INTO SavingsAccounts(Savings_ID, Request_ID)
VALUES
('SAM221652', 'AM2022345'),
('SBW160271', 'BW2016196'),
('SDT190020', 'DT2019584'),
('SED172957', 'ED2017066'),
('SEM233884', 'EM2023166'),
('SES230946', 'ES2023789'),
('SGC234379', 'GC2023772'),
('SHS169127', 'HS2016799'),
('SIT170594', 'IT2017801'),
('SJD173807', 'JD2017668'),
('SJJ190298', 'JJ2019226'),
('SJS160034', 'JS2016376'),
('SLR232687', 'LR2023546'),
('SMG188666', 'MG2018512'),
('SMW183317', 'MW2018367'),
('SOA230845', 'OA2023468'),
('SRJ189405', 'RJ2018913'),
('SSM193300', 'SM2019371'),
('SSO239698', 'SO2023287'),
('SWB236329', 'WB2023791');

INSERT INTO CS_Transaction(CSTransaction_ID, Savings_ID, Transaction_Type, Transaction_Date, Transaction_Time, Amount)
VALUES
('698432947', 'SAM221652', 'Deposit', '2022-01-28', '11:18:00', '5000.0'),
('195780237', 'SAM221652', 'Deposit', '2022-02-26', '19:14:00', '5000.0'),
('853494322', 'SAM221652', 'Deposit', '2022-03-24', '12:53:00', '5000.0'),
('482285570', 'SAM221652', 'Deposit', '2022-04-10', '16:24:00', '5000.0'),
('654209136', 'SAM221652', 'Deposit', '2022-05-14', '17:47:00', '5000.0'),
('519619832', 'SAM221652', 'Deposit', '2022-06-24', '10:27:00', '5000.0'),
('034503011', 'SAM221652', 'Deposit', '2022-07-27', '11:15:00', '5000.0'),
('368789667', 'SAM221652', 'Deposit', '2022-08-26', '14:56:00', '5000.0'),
('901373219', 'SAM221652', 'Deposit', '2022-09-28', '15:41:00', '5000.0'),
('904280673', 'SAM221652', 'Deposit', '2022-10-17', '16:51:00', '5000.0'),
('207418822', 'SAM221652', 'Deposit', '2022-11-10', '11:24:00', '5000.0'),
('338239891', 'SAM221652', 'Deposit', '2022-12-26', '16:45:00', '5000.0'),
('919568629', 'SAM221652', 'Deposit', '2023-01-11', '15:42:00', '10000.0'),
('952437280', 'SAM221652', 'Deposit', '2023-02-17', '18:27:00', '10000.0'),
('470834611', 'SAM221652', 'Deposit', '2023-03-15', '15:34:00', '10000.0'),
('529027611', 'SAM221652', 'Deposit', '2023-04-13', '10:22:00', '10000.0'),
('951588230', 'SAM221652', 'Deposit', '2023-05-17', '10:14:00', '10000.0'),
('061937446', 'SAM221652', 'Deposit', '2023-06-26', '14:59:00', '10000.0'),
('416216909', 'SAM221652', 'Deposit', '2023-07-21', '11:37:00', '10000.0'),
('682711826', 'SAM221652', 'Deposit', '2023-08-21', '12:22:00', '10000.0'),
('573510220', 'SAM221652', 'Deposit', '2023-09-21', '17:24:00', '10000.0'),
('435117763', 'SAM221652', 'Deposit', '2023-10-18', '15:37:00', '10000.0'),
('001100840', 'SAM221652', 'Deposit', '2023-11-28', '11:55:00', '10000.0'),
('617767115', 'SAM221652', 'Deposit', '2023-12-13', '10:21:00', '10000.0'),
('252768899', 'SBW160271', 'Deposit', '2016-01-11', '12:53:00', '5000.0'),
('870402413', 'SBW160271', 'Deposit', '2016-02-16', '12:31:00', '5000.0'),
('581899115', 'SBW160271', 'Deposit', '2016-03-23', '13:48:00', '5000.0'),
('094649030', 'SBW160271', 'Deposit', '2016-04-14', '17:49:00', '5000.0'),
('398061388', 'SBW160271', 'Deposit', '2016-05-10', '12:54:00', '5000.0'),
('502123411', 'SBW160271', 'Deposit', '2016-06-28', '18:14:00', '5000.0'),
('308438868', 'SBW160271', 'Deposit', '2016-07-17', '11:55:00', '5000.0'),
('748544747', 'SBW160271', 'Deposit', '2016-08-17', '11:25:00', '5000.0'),
('094926183', 'SBW160271', 'Deposit', '2016-09-19', '17:12:00', '5000.0'),
('117919280', 'SBW160271', 'Deposit', '2016-10-10', '11:37:00', '5000.0'),
('856277695', 'SBW160271', 'Deposit', '2016-11-28', '10:36:00', '5000.0'),
('514396614', 'SBW160271', 'Deposit', '2016-12-21', '15:24:00', '5000.0'),
('293466033', 'SBW160271', 'Deposit', '2017-01-18', '14:58:00', '5000.0'),
('292075304', 'SBW160271', 'Deposit', '2017-02-13', '11:26:00', '5000.0'),
('447790941', 'SBW160271', 'Deposit', '2017-03-10', '10:46:00', '5000.0'),
('155092892', 'SBW160271', 'Deposit', '2017-04-28', '14:42:00', '5000.0'),
('340468488', 'SBW160271', 'Deposit', '2017-05-21', '13:45:00', '5000.0'),
('024510501', 'SBW160271', 'Deposit', '2017-06-12', '14:13:00', '5000.0'),
('673678597', 'SBW160271', 'Deposit', '2017-07-17', '12:53:00', '5000.0'),
('622580673', 'SBW160271', 'Deposit', '2017-08-20', '20:50:00', '5000.0'),
('667420698', 'SBW160271', 'Deposit', '2017-09-23', '16:10:00', '5000.0'),
('177833363', 'SBW160271', 'Deposit', '2017-10-13', '11:32:00', '5000.0'),
('468883147', 'SBW160271', 'Deposit', '2017-11-10', '11:56:00', '5000.0'),
('794400137', 'SBW160271', 'Deposit', '2017-12-17', '19:57:00', '5000.0'),
('214328102', 'SBW160271', 'Deposit', '2018-01-18', '16:30:00', '10000.0'),
('998551216', 'SBW160271', 'Deposit', '2018-02-28', '10:41:00', '10000.0'),
('305311507', 'SBW160271', 'Deposit', '2018-03-22', '17:11:00', '10000.0'),
('079966194', 'SBW160271', 'Deposit', '2018-04-22', '15:50:00', '10000.0'),
('036463940', 'SBW160271', 'Deposit', '2018-05-16', '15:29:00', '10000.0'),
('845603360', 'SBW160271', 'Deposit', '2018-06-16', '13:23:00', '10000.0'),
('776526034', 'SBW160271', 'Deposit', '2018-07-28', '17:39:00', '10000.0'),
('061507595', 'SBW160271', 'Deposit', '2018-08-23', '19:27:00', '10000.0'),
('494021716', 'SBW160271', 'Deposit', '2018-09-28', '17:10:00', '10000.0'),
('105051112', 'SBW160271', 'Deposit', '2018-10-11', '19:37:00', '10000.0'),
('129997549', 'SBW160271', 'Deposit', '2018-11-15', '15:55:00', '10000.0'),
('677328488', 'SBW160271', 'Deposit', '2018-12-20', '11:10:00', '10000.0'),
('177747378', 'SBW160271', 'Deposit', '2019-01-19', '14:56:00', '10000.0'),
('604346427', 'SBW160271', 'Deposit', '2019-02-10', '17:16:00', '10000.0'),
('610974064', 'SBW160271', 'Deposit', '2019-03-13', '13:19:00', '10000.0'),
('987038917', 'SBW160271', 'Deposit', '2019-04-11', '14:44:00', '10000.0'),
('525318724', 'SBW160271', 'Deposit', '2019-05-13', '14:43:00', '10000.0'),
('241944788', 'SBW160271', 'Deposit', '2019-06-18', '16:27:00', '10000.0'),
('140186869', 'SBW160271', 'Deposit', '2019-07-15', '11:24:00', '10000.0'),
('587034075', 'SBW160271', 'Deposit', '2019-08-14', '17:49:00', '10000.0'),
('893992531', 'SBW160271', 'Deposit', '2019-09-26', '10:25:00', '10000.0'),
('045264333', 'SBW160271', 'Deposit', '2019-10-11', '17:50:00', '10000.0'),
('031943320', 'SBW160271', 'Deposit', '2019-11-25', '10:49:00', '10000.0'),
('434676668', 'SBW160271', 'Deposit', '2019-12-14', '19:52:00', '10000.0'),
('513187522', 'SBW160271', 'Deposit', '2020-01-12', '11:25:00', '5000.0'),
('797911830', 'SBW160271', 'Deposit', '2020-02-25', '11:10:00', '5000.0'),
('349323731', 'SBW160271', 'Deposit', '2020-03-18', '10:50:00', '5000.0'),
('904775997', 'SBW160271', 'Deposit', '2020-04-10', '16:38:00', '5000.0'),
('335948131', 'SBW160271', 'Deposit', '2020-05-12', '13:29:00', '5000.0'),
('185373946', 'SBW160271', 'Deposit', '2020-06-16', '19:43:00', '5000.0'),
('354175831', 'SBW160271', 'Deposit', '2020-07-23', '13:35:00', '5000.0'),
('418680851', 'SBW160271', 'Deposit', '2020-08-10', '10:15:00', '5000.0'),
('032904410', 'SBW160271', 'Deposit', '2020-09-17', '16:12:00', '5000.0'),
('669301764', 'SBW160271', 'Deposit', '2020-10-14', '14:40:00', '5000.0'),
('593860097', 'SBW160271', 'Deposit', '2020-11-11', '15:48:00', '5000.0'),
('463799450', 'SBW160271', 'Deposit', '2020-12-12', '17:49:00', '5000.0'),
('259026590', 'SBW160271', 'Deposit', '2021-01-13', '20:48:00', '10000.0'),
('302227905', 'SBW160271', 'Deposit', '2021-02-12', '14:12:00', '10000.0'),
('747626933', 'SBW160271', 'Deposit', '2021-03-27', '12:12:00', '10000.0'),
('358161823', 'SBW160271', 'Deposit', '2021-04-11', '19:57:00', '10000.0'),
('014601177', 'SBW160271', 'Deposit', '2021-05-22', '20:41:00', '10000.0'),
('986822169', 'SBW160271', 'Deposit', '2021-06-15', '13:44:00', '10000.0'),
('726144782', 'SBW160271', 'Deposit', '2021-07-15', '13:51:00', '10000.0'),
('649684768', 'SBW160271', 'Deposit', '2021-08-19', '11:24:00', '10000.0'),
('239733080', 'SBW160271', 'Deposit', '2021-09-24', '19:54:00', '10000.0'),
('007417861', 'SBW160271', 'Deposit', '2021-10-12', '10:25:00', '10000.0'),
('795264211', 'SBW160271', 'Deposit', '2021-11-21', '12:35:00', '10000.0'),
('090418194', 'SBW160271', 'Deposit', '2021-12-21', '13:25:00', '10000.0'),
('912139666', 'SBW160271', 'Deposit', '2022-01-10', '14:58:00', '10000.0'),
('065419924', 'SBW160271', 'Deposit', '2022-02-15', '18:18:00', '10000.0'),
('859881836', 'SBW160271', 'Deposit', '2022-03-10', '12:36:00', '10000.0'),
('908476262', 'SBW160271', 'Deposit', '2022-04-24', '18:31:00', '10000.0'),
('003425229', 'SBW160271', 'Deposit', '2022-05-28', '16:36:00', '10000.0'),
('704164756', 'SBW160271', 'Deposit', '2022-06-24', '19:15:00', '10000.0'),
('424279692', 'SBW160271', 'Deposit', '2022-07-25', '15:30:00', '10000.0'),
('938527962', 'SBW160271', 'Deposit', '2022-08-15', '20:10:00', '10000.0'),
('439507348', 'SBW160271', 'Deposit', '2022-09-28', '16:45:00', '10000.0'),
('058438216', 'SBW160271', 'Deposit', '2022-10-13', '13:28:00', '10000.0'),
('782574464', 'SBW160271', 'Deposit', '2022-11-10', '14:34:00', '10000.0'),
('914236890', 'SBW160271', 'Deposit', '2022-12-16', '11:40:00', '10000.0'),
('879826131', 'SBW160271', 'Deposit', '2023-01-15', '19:10:00', '10000.0'),
('131527375', 'SBW160271', 'Deposit', '2023-02-17', '15:15:00', '10000.0'),
('414682512', 'SBW160271', 'Deposit', '2023-03-18', '11:11:00', '10000.0'),
('775596877', 'SBW160271', 'Deposit', '2023-04-12', '15:35:00', '10000.0'),
('778153662', 'SBW160271', 'Deposit', '2023-05-21', '13:25:00', '10000.0'),
('016310961', 'SBW160271', 'Deposit', '2023-06-22', '14:42:00', '10000.0'),
('142035099', 'SBW160271', 'Deposit', '2023-07-14', '12:48:00', '10000.0'),
('508919000', 'SBW160271', 'Deposit', '2023-08-16', '20:28:00', '10000.0'),
('735142562', 'SBW160271', 'Deposit', '2023-09-25', '14:44:00', '10000.0'),
('885601031', 'SBW160271', 'Deposit', '2023-10-15', '15:58:00', '10000.0'),
('231763417', 'SBW160271', 'Deposit', '2023-11-10', '11:13:00', '10000.0'),
('552347167', 'SBW160271', 'Deposit', '2023-12-13', '10:20:00', '10000.0'),
('496495141', 'SDT190020', 'Deposit', '2019-01-27', '17:12:00', '5000.0'),
('022007836', 'SDT190020', 'Deposit', '2019-02-28', '13:18:00', '5000.0'),
('552035190', 'SDT190020', 'Deposit', '2019-03-23', '10:20:00', '5000.0'),
('885294244', 'SDT190020', 'Deposit', '2019-04-20', '15:10:00', '5000.0'),
('867423883', 'SDT190020', 'Deposit', '2019-05-23', '14:24:00', '5000.0'),
('584003300', 'SDT190020', 'Deposit', '2019-06-22', '20:14:00', '5000.0'),
('664282142', 'SDT190020', 'Deposit', '2019-07-20', '14:49:00', '5000.0'),
('431615959', 'SDT190020', 'Deposit', '2019-08-17', '10:13:00', '5000.0'),
('748858047', 'SDT190020', 'Deposit', '2019-09-22', '20:56:00', '5000.0'),
('563570393', 'SDT190020', 'Deposit', '2019-10-27', '15:56:00', '5000.0'),
('040479519', 'SDT190020', 'Deposit', '2019-11-12', '16:48:00', '5000.0'),
('170951408', 'SDT190020', 'Deposit', '2019-12-13', '11:42:00', '5000.0'),
('915700954', 'SDT190020', 'Deposit', '2020-01-27', '20:35:00', '10000.0'),
('865588608', 'SDT190020', 'Deposit', '2020-02-27', '14:51:00', '10000.0'),
('576331763', 'SDT190020', 'Deposit', '2020-03-18', '13:26:00', '10000.0'),
('764248135', 'SDT190020', 'Deposit', '2020-04-11', '17:42:00', '10000.0'),
('045594985', 'SDT190020', 'Deposit', '2020-05-23', '20:22:00', '10000.0'),
('560143609', 'SDT190020', 'Deposit', '2020-06-17', '15:40:00', '10000.0'),
('431987679', 'SDT190020', 'Deposit', '2020-07-12', '17:54:00', '10000.0'),
('137413398', 'SDT190020', 'Deposit', '2020-08-21', '10:49:00', '10000.0'),
('493895059', 'SDT190020', 'Deposit', '2020-09-17', '11:12:00', '10000.0'),
('399509184', 'SDT190020', 'Deposit', '2020-10-27', '16:15:00', '10000.0'),
('802991485', 'SDT190020', 'Deposit', '2020-11-16', '13:51:00', '10000.0'),
('443878879', 'SDT190020', 'Deposit', '2020-12-22', '18:12:00', '10000.0'),
('612018394', 'SDT190020', 'Deposit', '2021-01-10', '19:47:00', '5000.0'),
('355899886', 'SDT190020', 'Deposit', '2021-02-17', '19:10:00', '5000.0'),
('223794006', 'SDT190020', 'Deposit', '2021-03-14', '11:54:00', '5000.0'),
('094424713', 'SDT190020', 'Deposit', '2021-04-13', '18:24:00', '5000.0'),
('951981212', 'SDT190020', 'Deposit', '2021-05-21', '14:11:00', '5000.0'),
('149036170', 'SDT190020', 'Deposit', '2021-06-25', '14:55:00', '5000.0'),
('815201978', 'SDT190020', 'Deposit', '2021-07-26', '11:54:00', '5000.0'),
('879854404', 'SDT190020', 'Deposit', '2021-08-20', '19:46:00', '5000.0'),
('057964786', 'SDT190020', 'Deposit', '2021-09-22', '10:52:00', '5000.0'),
('033413053', 'SDT190020', 'Deposit', '2021-10-26', '16:32:00', '5000.0'),
('437828012', 'SDT190020', 'Deposit', '2021-11-16', '13:53:00', '5000.0'),
('701541627', 'SDT190020', 'Deposit', '2021-12-15', '20:18:00', '5000.0'),
('009141845', 'SDT190020', 'Deposit', '2022-01-28', '10:54:00', '5000.0'),
('893375026', 'SDT190020', 'Deposit', '2022-02-24', '15:56:00', '5000.0'),
('043473307', 'SDT190020', 'Deposit', '2022-03-22', '10:13:00', '5000.0'),
('737739940', 'SDT190020', 'Deposit', '2022-04-10', '17:13:00', '5000.0'),
('848729684', 'SDT190020', 'Deposit', '2022-05-18', '16:25:00', '5000.0'),
('240054374', 'SDT190020', 'Deposit', '2022-06-15', '15:20:00', '5000.0'),
('364821498', 'SDT190020', 'Deposit', '2022-07-18', '14:25:00', '5000.0'),
('551487486', 'SDT190020', 'Deposit', '2022-08-25', '13:50:00', '5000.0'),
('364066429', 'SDT190020', 'Deposit', '2022-09-19', '16:22:00', '5000.0'),
('460433469', 'SDT190020', 'Deposit', '2022-10-25', '14:31:00', '5000.0'),
('179156941', 'SDT190020', 'Deposit', '2022-11-12', '14:55:00', '5000.0'),
('468461487', 'SDT190020', 'Deposit', '2022-12-15', '20:42:00', '5000.0'),
('068537713', 'SDT190020', 'Deposit', '2023-01-25', '17:46:00', '10000.0'),
('668616629', 'SDT190020', 'Deposit', '2023-02-25', '14:50:00', '10000.0'),
('456787919', 'SDT190020', 'Deposit', '2023-03-17', '15:59:00', '10000.0'),
('838218703', 'SDT190020', 'Deposit', '2023-04-16', '18:56:00', '10000.0'),
('290374544', 'SDT190020', 'Deposit', '2023-05-22', '14:38:00', '10000.0'),
('036615603', 'SDT190020', 'Deposit', '2023-06-26', '19:24:00', '10000.0'),
('030798480', 'SDT190020', 'Deposit', '2023-07-26', '14:56:00', '10000.0'),
('681912788', 'SDT190020', 'Deposit', '2023-08-10', '20:48:00', '10000.0'),
('591919384', 'SDT190020', 'Deposit', '2023-09-14', '16:23:00', '10000.0'),
('706470604', 'SDT190020', 'Deposit', '2023-10-18', '15:12:00', '10000.0'),
('411275275', 'SDT190020', 'Deposit', '2023-11-10', '11:10:00', '10000.0'),
('171549021', 'SDT190020', 'Deposit', '2023-12-28', '16:41:00', '10000.0'),
('971843684', 'SED172957', 'Deposit', '2017-01-19', '18:49:00', '10000.0'),
('058777387', 'SED172957', 'Deposit', '2017-02-26', '13:32:00', '10000.0'),
('472454666', 'SED172957', 'Deposit', '2017-03-12', '11:44:00', '10000.0'),
('448309737', 'SED172957', 'Deposit', '2017-04-27', '19:41:00', '10000.0'),
('059518177', 'SED172957', 'Deposit', '2017-05-12', '13:39:00', '10000.0'),
('661491950', 'SED172957', 'Deposit', '2017-06-18', '18:38:00', '10000.0'),
('307426376', 'SED172957', 'Deposit', '2017-07-18', '20:47:00', '10000.0'),
('947436733', 'SED172957', 'Deposit', '2017-08-28', '13:22:00', '10000.0'),
('983277809', 'SED172957', 'Deposit', '2017-09-19', '14:56:00', '10000.0'),
('330923040', 'SED172957', 'Deposit', '2017-10-22', '10:34:00', '10000.0'),
('430337479', 'SED172957', 'Deposit', '2017-11-18', '13:38:00', '10000.0'),
('263938820', 'SED172957', 'Deposit', '2017-12-25', '20:26:00', '10000.0'),
('305061014', 'SED172957', 'Deposit', '2018-01-10', '13:11:00', '10000.0'),
('584987763', 'SED172957', 'Deposit', '2018-02-17', '12:44:00', '10000.0'),
('867531077', 'SED172957', 'Deposit', '2018-03-20', '14:28:00', '10000.0'),
('066430855', 'SED172957', 'Deposit', '2018-04-25', '13:11:00', '10000.0'),
('908324562', 'SED172957', 'Deposit', '2018-05-24', '12:32:00', '10000.0'),
('840101987', 'SED172957', 'Deposit', '2018-06-23', '12:19:00', '10000.0'),
('966528997', 'SED172957', 'Deposit', '2018-07-20', '13:45:00', '10000.0'),
('673991109', 'SED172957', 'Deposit', '2018-08-22', '11:35:00', '10000.0'),
('411105883', 'SED172957', 'Deposit', '2018-09-22', '15:41:00', '10000.0'),
('533542008', 'SED172957', 'Deposit', '2018-10-24', '13:53:00', '10000.0'),
('631908722', 'SED172957', 'Deposit', '2018-11-10', '17:23:00', '10000.0'),
('625959748', 'SED172957', 'Deposit', '2018-12-27', '19:13:00', '10000.0'),
('179567601', 'SED172957', 'Deposit', '2019-01-13', '13:11:00', '10000.0'),
('547166101', 'SED172957', 'Deposit', '2019-02-17', '14:12:00', '10000.0'),
('208155904', 'SED172957', 'Deposit', '2019-03-22', '16:22:00', '10000.0'),
('002274623', 'SED172957', 'Deposit', '2019-04-25', '20:55:00', '10000.0'),
('973667446', 'SED172957', 'Deposit', '2019-05-20', '11:21:00', '10000.0'),
('072955494', 'SED172957', 'Deposit', '2019-06-18', '15:20:00', '10000.0'),
('090915876', 'SED172957', 'Deposit', '2019-07-10', '11:46:00', '10000.0'),
('183362592', 'SED172957', 'Deposit', '2019-08-27', '14:48:00', '10000.0'),
('107249815', 'SED172957', 'Deposit', '2019-09-24', '12:43:00', '10000.0'),
('768720995', 'SED172957', 'Deposit', '2019-10-24', '15:57:00', '10000.0'),
('472791795', 'SED172957', 'Deposit', '2019-11-20', '11:11:00', '10000.0'),
('506334934', 'SED172957', 'Deposit', '2019-12-14', '11:56:00', '10000.0'),
('827158412', 'SED172957', 'Deposit', '2020-01-26', '11:10:00', '10000.0'),
('480688853', 'SED172957', 'Deposit', '2020-02-14', '15:56:00', '10000.0'),
('473640210', 'SED172957', 'Deposit', '2020-03-22', '19:16:00', '10000.0'),
('033734626', 'SED172957', 'Deposit', '2020-04-16', '17:10:00', '10000.0'),
('329324444', 'SED172957', 'Deposit', '2020-05-18', '19:55:00', '10000.0'),
('562927268', 'SED172957', 'Deposit', '2020-06-15', '16:37:00', '10000.0'),
('508598718', 'SED172957', 'Deposit', '2020-07-22', '10:46:00', '10000.0'),
('861032520', 'SED172957', 'Deposit', '2020-08-20', '11:41:00', '10000.0'),
('878511734', 'SED172957', 'Deposit', '2020-09-28', '10:41:00', '10000.0'),
('547502330', 'SED172957', 'Deposit', '2020-10-15', '15:59:00', '10000.0'),
('551675856', 'SED172957', 'Deposit', '2020-11-24', '19:59:00', '10000.0'),
('909797900', 'SED172957', 'Deposit', '2020-12-24', '11:57:00', '10000.0'),
('548800228', 'SED172957', 'Deposit', '2021-01-22', '10:22:00', '5000.0'),
('390163451', 'SED172957', 'Deposit', '2021-02-18', '20:48:00', '5000.0'),
('153433697', 'SED172957', 'Deposit', '2021-03-15', '17:39:00', '5000.0'),
('891663546', 'SED172957', 'Deposit', '2021-04-15', '11:48:00', '5000.0'),
('758095122', 'SED172957', 'Deposit', '2021-05-15', '14:38:00', '5000.0'),
('958889634', 'SED172957', 'Deposit', '2021-06-22', '14:19:00', '5000.0'),
('431037601', 'SED172957', 'Deposit', '2021-07-26', '18:41:00', '5000.0'),
('582558357', 'SED172957', 'Deposit', '2021-08-20', '19:58:00', '5000.0'),
('726502446', 'SED172957', 'Deposit', '2021-09-28', '20:58:00', '5000.0'),
('613338532', 'SED172957', 'Deposit', '2021-10-13', '13:10:00', '5000.0'),
('235513133', 'SED172957', 'Deposit', '2021-11-12', '20:56:00', '5000.0'),
('015554113', 'SED172957', 'Deposit', '2021-12-19', '12:48:00', '5000.0'),
('612354383', 'SED172957', 'Deposit', '2022-01-11', '13:17:00', '5000.0'),
('136944152', 'SED172957', 'Deposit', '2022-02-13', '13:59:00', '5000.0'),
('918011133', 'SED172957', 'Deposit', '2022-03-10', '20:18:00', '5000.0'),
('307961561', 'SED172957', 'Deposit', '2022-04-22', '20:14:00', '5000.0'),
('160631932', 'SED172957', 'Deposit', '2022-05-23', '17:22:00', '5000.0'),
('368214844', 'SED172957', 'Deposit', '2022-06-21', '20:12:00', '5000.0'),
('240059551', 'SED172957', 'Deposit', '2022-07-18', '19:53:00', '5000.0'),
('892694953', 'SED172957', 'Deposit', '2022-08-22', '18:41:00', '5000.0'),
('637365162', 'SED172957', 'Deposit', '2022-09-26', '10:45:00', '5000.0'),
('533887722', 'SED172957', 'Deposit', '2022-10-21', '10:16:00', '5000.0'),
('377522046', 'SED172957', 'Deposit', '2022-11-20', '10:55:00', '5000.0'),
('021849988', 'SED172957', 'Deposit', '2022-12-19', '19:15:00', '5000.0'),
('905885781', 'SED172957', 'Deposit', '2023-01-25', '17:13:00', '10000.0'),
('741036091', 'SED172957', 'Deposit', '2023-02-24', '18:20:00', '10000.0'),
('857910531', 'SED172957', 'Deposit', '2023-03-20', '15:26:00', '10000.0'),
('350978774', 'SED172957', 'Deposit', '2023-04-10', '14:21:00', '10000.0'),
('193706416', 'SED172957', 'Deposit', '2023-05-19', '12:54:00', '10000.0'),
('593797365', 'SED172957', 'Deposit', '2023-06-20', '16:57:00', '10000.0'),
('774821237', 'SED172957', 'Deposit', '2023-07-11', '15:26:00', '10000.0'),
('970872995', 'SED172957', 'Deposit', '2023-08-18', '14:50:00', '10000.0'),
('728329545', 'SED172957', 'Deposit', '2023-09-10', '18:26:00', '10000.0'),
('604016042', 'SED172957', 'Deposit', '2023-10-22', '12:29:00', '10000.0'),
('044750966', 'SED172957', 'Deposit', '2023-11-22', '17:10:00', '10000.0'),
('225917829', 'SED172957', 'Deposit', '2023-12-12', '17:34:00', '10000.0'),
('760376835', 'SEM233884', 'Deposit', '2023-01-17', '11:35:00', '5000.0'),
('194950440', 'SEM233884', 'Deposit', '2023-02-10', '16:44:00', '5000.0'),
('774753438', 'SEM233884', 'Deposit', '2023-03-23', '11:38:00', '5000.0'),
('426037002', 'SEM233884', 'Deposit', '2023-04-13', '11:24:00', '5000.0'),
('969677085', 'SEM233884', 'Deposit', '2023-05-28', '10:26:00', '5000.0'),
('195435201', 'SEM233884', 'Deposit', '2023-06-14', '18:28:00', '5000.0'),
('937539878', 'SEM233884', 'Deposit', '2023-07-25', '18:59:00', '5000.0'),
('376595760', 'SEM233884', 'Deposit', '2023-08-28', '15:21:00', '5000.0'),
('656942415', 'SEM233884', 'Deposit', '2023-09-26', '12:30:00', '5000.0'),
('434546542', 'SEM233884', 'Deposit', '2023-10-10', '11:14:00', '5000.0'),
('668997091', 'SEM233884', 'Deposit', '2023-11-22', '17:17:00', '5000.0'),
('914655528', 'SEM233884', 'Deposit', '2023-12-18', '19:27:00', '5000.0'),
('655447083', 'SES230946', 'Deposit', '2023-01-28', '15:13:00', '5000.0'),
('829675103', 'SES230946', 'Deposit', '2023-02-14', '19:41:00', '5000.0'),
('266063486', 'SES230946', 'Deposit', '2023-03-25', '12:20:00', '5000.0'),
('209422409', 'SES230946', 'Deposit', '2023-04-28', '14:39:00', '5000.0'),
('226121980', 'SES230946', 'Deposit', '2023-05-18', '20:23:00', '5000.0'),
('226829518', 'SES230946', 'Deposit', '2023-06-25', '13:30:00', '5000.0'),
('106381793', 'SES230946', 'Deposit', '2023-07-14', '19:36:00', '5000.0'),
('018658199', 'SES230946', 'Deposit', '2023-08-17', '14:45:00', '5000.0'),
('389069713', 'SES230946', 'Deposit', '2023-09-24', '13:54:00', '5000.0'),
('030393684', 'SES230946', 'Deposit', '2023-10-10', '13:22:00', '5000.0'),
('858540806', 'SES230946', 'Deposit', '2023-11-24', '11:53:00', '5000.0'),
('253879973', 'SES230946', 'Deposit', '2023-12-23', '18:15:00', '5000.0'),
('125419124', 'SGC234379', 'Deposit', '2023-01-15', '19:29:00', '10000.0'),
('660306113', 'SGC234379', 'Deposit', '2023-02-12', '11:32:00', '10000.0'),
('350894103', 'SGC234379', 'Deposit', '2023-03-13', '17:10:00', '10000.0'),
('557537469', 'SGC234379', 'Deposit', '2023-04-25', '19:29:00', '10000.0'),
('130258290', 'SGC234379', 'Deposit', '2023-05-25', '20:11:00', '10000.0'),
('476931240', 'SGC234379', 'Deposit', '2023-06-19', '11:59:00', '10000.0'),
('582622919', 'SGC234379', 'Deposit', '2023-07-27', '10:48:00', '10000.0'),
('140350403', 'SGC234379', 'Deposit', '2023-08-21', '19:59:00', '10000.0'),
('935615721', 'SGC234379', 'Deposit', '2023-09-24', '17:55:00', '10000.0'),
('489128285', 'SGC234379', 'Deposit', '2023-10-13', '14:16:00', '10000.0'),
('736245063', 'SGC234379', 'Deposit', '2023-11-14', '18:13:00', '10000.0'),
('339349021', 'SGC234379', 'Deposit', '2023-12-25', '13:32:00', '10000.0'),
('154358308', 'SHS169127', 'Deposit', '2016-01-14', '14:50:00', '10000.0'),
('312658336', 'SHS169127', 'Deposit', '2016-02-22', '16:31:00', '10000.0'),
('766278117', 'SHS169127', 'Deposit', '2016-03-20', '18:50:00', '10000.0'),
('219013844', 'SHS169127', 'Deposit', '2016-04-25', '10:10:00', '10000.0'),
('406166885', 'SHS169127', 'Deposit', '2016-05-20', '20:16:00', '10000.0'),
('290958674', 'SHS169127', 'Deposit', '2016-06-11', '17:55:00', '10000.0'),
('375419650', 'SHS169127', 'Deposit', '2016-07-14', '11:33:00', '10000.0'),
('676312485', 'SHS169127', 'Deposit', '2016-08-14', '10:14:00', '10000.0'),
('624382168', 'SHS169127', 'Deposit', '2016-09-26', '11:46:00', '10000.0'),
('323107060', 'SHS169127', 'Deposit', '2016-10-14', '15:43:00', '10000.0'),
('187508616', 'SHS169127', 'Deposit', '2016-11-15', '14:29:00', '10000.0'),
('634038825', 'SHS169127', 'Deposit', '2016-12-10', '16:37:00', '10000.0'),
('696389795', 'SHS169127', 'Deposit', '2017-01-20', '14:38:00', '10000.0'),
('693558060', 'SHS169127', 'Deposit', '2017-02-23', '19:30:00', '10000.0'),
('245836228', 'SHS169127', 'Deposit', '2017-03-28', '14:24:00', '10000.0'),
('494129954', 'SHS169127', 'Deposit', '2017-04-18', '10:11:00', '10000.0'),
('914495401', 'SHS169127', 'Deposit', '2017-05-20', '19:31:00', '10000.0'),
('533557798', 'SHS169127', 'Deposit', '2017-06-12', '14:28:00', '10000.0'),
('952027265', 'SHS169127', 'Deposit', '2017-07-27', '14:20:00', '10000.0'),
('268001739', 'SHS169127', 'Deposit', '2017-08-17', '18:52:00', '10000.0'),
('644219806', 'SHS169127', 'Deposit', '2017-09-12', '18:34:00', '10000.0'),
('093363057', 'SHS169127', 'Deposit', '2017-10-26', '10:30:00', '10000.0'),
('186932199', 'SHS169127', 'Deposit', '2017-11-17', '10:40:00', '10000.0'),
('797549672', 'SHS169127', 'Deposit', '2017-12-16', '12:53:00', '10000.0'),
('929065960', 'SHS169127', 'Deposit', '2018-01-11', '13:48:00', '5000.0'),
('816800696', 'SHS169127', 'Deposit', '2018-02-26', '20:17:00', '5000.0'),
('565084823', 'SHS169127', 'Deposit', '2018-03-25', '17:39:00', '5000.0'),
('984241862', 'SHS169127', 'Deposit', '2018-04-24', '11:51:00', '5000.0'),
('632446507', 'SHS169127', 'Deposit', '2018-05-25', '14:17:00', '5000.0'),
('611447147', 'SHS169127', 'Deposit', '2018-06-21', '10:41:00', '5000.0'),
('943094873', 'SHS169127', 'Deposit', '2018-07-26', '13:41:00', '5000.0'),
('797675828', 'SHS169127', 'Deposit', '2018-08-11', '12:34:00', '5000.0'),
('834654557', 'SHS169127', 'Deposit', '2018-09-17', '14:20:00', '5000.0'),
('616717807', 'SHS169127', 'Deposit', '2018-10-12', '17:19:00', '5000.0'),
('080994343', 'SHS169127', 'Deposit', '2018-11-26', '15:59:00', '5000.0'),
('104849032', 'SHS169127', 'Deposit', '2018-12-10', '15:33:00', '5000.0'),
('600937505', 'SHS169127', 'Deposit', '2019-01-14', '14:16:00', '10000.0'),
('868853895', 'SHS169127', 'Deposit', '2019-02-11', '18:30:00', '10000.0'),
('231392893', 'SHS169127', 'Deposit', '2019-03-27', '17:33:00', '10000.0'),
('239738445', 'SHS169127', 'Deposit', '2019-04-20', '10:16:00', '10000.0'),
('206537208', 'SHS169127', 'Deposit', '2019-05-19', '19:27:00', '10000.0'),
('118522055', 'SHS169127', 'Deposit', '2019-06-15', '15:23:00', '10000.0'),
('433527840', 'SHS169127', 'Deposit', '2019-07-28', '13:36:00', '10000.0'),
('469123090', 'SHS169127', 'Deposit', '2019-08-18', '20:29:00', '10000.0'),
('537509177', 'SHS169127', 'Deposit', '2019-09-26', '17:51:00', '10000.0'),
('927635363', 'SHS169127', 'Deposit', '2019-10-24', '11:15:00', '10000.0'),
('486720543', 'SHS169127', 'Deposit', '2019-11-22', '16:33:00', '10000.0'),
('374296040', 'SHS169127', 'Deposit', '2019-12-26', '11:25:00', '10000.0'),
('941009259', 'SHS169127', 'Deposit', '2020-01-10', '15:45:00', '10000.0'),
('924973507', 'SHS169127', 'Deposit', '2020-02-28', '15:30:00', '10000.0'),
('610361588', 'SHS169127', 'Deposit', '2020-03-15', '14:39:00', '10000.0'),
('027090396', 'SHS169127', 'Deposit', '2020-04-13', '18:55:00', '10000.0'),
('401539666', 'SHS169127', 'Deposit', '2020-05-11', '12:56:00', '10000.0'),
('369417722', 'SHS169127', 'Deposit', '2020-06-23', '19:48:00', '10000.0'),
('847748664', 'SHS169127', 'Deposit', '2020-07-23', '15:58:00', '10000.0'),
('497750256', 'SHS169127', 'Deposit', '2020-08-28', '15:13:00', '10000.0'),
('173100066', 'SHS169127', 'Deposit', '2020-09-27', '19:14:00', '10000.0'),
('984792967', 'SHS169127', 'Deposit', '2020-10-26', '16:58:00', '10000.0'),
('866712409', 'SHS169127', 'Deposit', '2020-11-18', '15:15:00', '10000.0'),
('324316702', 'SHS169127', 'Deposit', '2020-12-26', '19:29:00', '10000.0'),
('359846170', 'SHS169127', 'Deposit', '2021-01-10', '20:22:00', '10000.0'),
('044995226', 'SHS169127', 'Deposit', '2021-02-15', '16:33:00', '10000.0'),
('382025566', 'SHS169127', 'Deposit', '2021-03-19', '16:43:00', '10000.0'),
('083124949', 'SHS169127', 'Deposit', '2021-04-25', '15:39:00', '10000.0'),
('216982713', 'SHS169127', 'Deposit', '2021-05-16', '20:53:00', '10000.0'),
('223309045', 'SHS169127', 'Deposit', '2021-06-17', '16:49:00', '10000.0'),
('328984599', 'SHS169127', 'Deposit', '2021-07-21', '20:19:00', '10000.0'),
('733213057', 'SHS169127', 'Deposit', '2021-08-25', '11:13:00', '10000.0'),
('867536802', 'SHS169127', 'Deposit', '2021-09-10', '14:17:00', '10000.0'),
('734820637', 'SHS169127', 'Deposit', '2021-10-14', '18:17:00', '10000.0'),
('821404065', 'SHS169127', 'Deposit', '2021-11-16', '16:58:00', '10000.0'),
('551763259', 'SHS169127', 'Deposit', '2021-12-15', '10:55:00', '10000.0'),
('531013127', 'SHS169127', 'Deposit', '2022-01-12', '10:20:00', '10000.0'),
('469386626', 'SHS169127', 'Deposit', '2022-02-27', '10:49:00', '10000.0'),
('156722551', 'SHS169127', 'Deposit', '2022-03-24', '16:56:00', '10000.0'),
('890267353', 'SHS169127', 'Deposit', '2022-04-17', '11:29:00', '10000.0'),
('001423257', 'SHS169127', 'Deposit', '2022-05-23', '20:55:00', '10000.0'),
('670725106', 'SHS169127', 'Deposit', '2022-06-23', '10:56:00', '10000.0'),
('719124709', 'SHS169127', 'Deposit', '2022-07-23', '20:31:00', '10000.0'),
('028983510', 'SHS169127', 'Deposit', '2022-08-15', '16:49:00', '10000.0'),
('182257578', 'SHS169127', 'Deposit', '2022-09-26', '20:27:00', '10000.0'),
('061691292', 'SHS169127', 'Deposit', '2022-10-22', '14:52:00', '10000.0'),
('833284268', 'SHS169127', 'Deposit', '2022-11-16', '13:35:00', '10000.0'),
('183547452', 'SHS169127', 'Deposit', '2022-12-26', '16:43:00', '10000.0'),
('375200768', 'SHS169127', 'Deposit', '2023-01-11', '11:18:00', '5000.0'),
('234981112', 'SHS169127', 'Deposit', '2023-02-18', '13:23:00', '5000.0'),
('652495093', 'SHS169127', 'Deposit', '2023-03-17', '20:15:00', '5000.0'),
('768133453', 'SHS169127', 'Deposit', '2023-04-18', '20:18:00', '5000.0'),
('130634323', 'SHS169127', 'Deposit', '2023-05-22', '19:35:00', '5000.0'),
('446919225', 'SHS169127', 'Deposit', '2023-06-28', '17:58:00', '5000.0'),
('309953554', 'SHS169127', 'Deposit', '2023-07-27', '10:30:00', '5000.0'),
('437933448', 'SHS169127', 'Deposit', '2023-08-12', '12:30:00', '5000.0'),
('907272865', 'SHS169127', 'Deposit', '2023-09-21', '10:44:00', '5000.0'),
('594288253', 'SHS169127', 'Deposit', '2023-10-15', '15:45:00', '5000.0'),
('800923889', 'SHS169127', 'Deposit', '2023-11-26', '13:41:00', '5000.0'),
('303243614', 'SHS169127', 'Deposit', '2023-12-26', '13:18:00', '5000.0'),
('919975473', 'SIT170594', 'Deposit', '2017-01-24', '14:48:00', '10000.0'),
('733865849', 'SIT170594', 'Deposit', '2017-02-15', '17:29:00', '10000.0'),
('142859992', 'SIT170594', 'Deposit', '2017-03-28', '18:21:00', '10000.0'),
('084657849', 'SIT170594', 'Deposit', '2017-04-16', '15:12:00', '10000.0'),
('650295094', 'SIT170594', 'Deposit', '2017-05-20', '19:49:00', '10000.0'),
('127412214', 'SIT170594', 'Deposit', '2017-06-23', '13:14:00', '10000.0'),
('693097554', 'SIT170594', 'Deposit', '2017-07-26', '10:38:00', '10000.0'),
('915818711', 'SIT170594', 'Deposit', '2017-08-14', '10:21:00', '10000.0'),
('044792578', 'SIT170594', 'Deposit', '2017-09-26', '11:45:00', '10000.0'),
('140505544', 'SIT170594', 'Deposit', '2017-10-21', '12:16:00', '10000.0'),
('477502846', 'SIT170594', 'Deposit', '2017-11-26', '17:41:00', '10000.0'),
('246255619', 'SIT170594', 'Deposit', '2017-12-14', '19:28:00', '10000.0'),
('251645616', 'SIT170594', 'Deposit', '2018-01-14', '20:38:00', '10000.0'),
('294184822', 'SIT170594', 'Deposit', '2018-02-11', '19:23:00', '10000.0'),
('310630856', 'SIT170594', 'Deposit', '2018-03-13', '17:49:00', '10000.0'),
('673672172', 'SIT170594', 'Deposit', '2018-04-24', '17:32:00', '10000.0'),
('789310448', 'SIT170594', 'Deposit', '2018-05-11', '19:12:00', '10000.0'),
('891102908', 'SIT170594', 'Deposit', '2018-06-11', '19:52:00', '10000.0'),
('182357583', 'SIT170594', 'Deposit', '2018-07-27', '16:55:00', '10000.0'),
('141952551', 'SIT170594', 'Deposit', '2018-08-25', '19:22:00', '10000.0'),
('363994155', 'SIT170594', 'Deposit', '2018-09-13', '18:27:00', '10000.0'),
('591621353', 'SIT170594', 'Deposit', '2018-10-23', '11:50:00', '10000.0'),
('590598999', 'SIT170594', 'Deposit', '2018-11-12', '11:35:00', '10000.0'),
('206330102', 'SIT170594', 'Deposit', '2018-12-23', '12:37:00', '10000.0'),
('676716395', 'SIT170594', 'Deposit', '2019-01-14', '11:19:00', '10000.0'),
('217984920', 'SIT170594', 'Deposit', '2019-02-11', '16:19:00', '10000.0'),
('661264033', 'SIT170594', 'Deposit', '2019-03-25', '17:45:00', '10000.0'),
('903605485', 'SIT170594', 'Deposit', '2019-04-14', '18:31:00', '10000.0'),
('342448744', 'SIT170594', 'Deposit', '2019-05-11', '10:29:00', '10000.0'),
('283194976', 'SIT170594', 'Deposit', '2019-06-15', '19:42:00', '10000.0'),
('199237816', 'SIT170594', 'Deposit', '2019-07-12', '17:14:00', '10000.0'),
('447016697', 'SIT170594', 'Deposit', '2019-08-25', '12:30:00', '10000.0'),
('653429866', 'SIT170594', 'Deposit', '2019-09-12', '15:34:00', '10000.0'),
('795749132', 'SIT170594', 'Deposit', '2019-10-22', '14:59:00', '10000.0'),
('611619785', 'SIT170594', 'Deposit', '2019-11-17', '19:44:00', '10000.0'),
('891156146', 'SIT170594', 'Deposit', '2019-12-25', '17:12:00', '10000.0'),
('098632123', 'SIT170594', 'Deposit', '2020-01-28', '11:34:00', '5000.0'),
('132801231', 'SIT170594', 'Deposit', '2020-02-13', '14:24:00', '5000.0'),
('636777906', 'SIT170594', 'Deposit', '2020-03-24', '15:45:00', '5000.0'),
('294496432', 'SIT170594', 'Deposit', '2020-04-18', '14:15:00', '5000.0'),
('688360605', 'SIT170594', 'Deposit', '2020-05-12', '12:16:00', '5000.0'),
('742555668', 'SIT170594', 'Deposit', '2020-06-28', '17:45:00', '5000.0'),
('779872444', 'SIT170594', 'Deposit', '2020-07-20', '16:41:00', '5000.0'),
('931406350', 'SIT170594', 'Deposit', '2020-08-13', '16:56:00', '5000.0'),
('751796693', 'SIT170594', 'Deposit', '2020-09-27', '15:20:00', '5000.0'),
('820995624', 'SIT170594', 'Deposit', '2020-10-23', '18:13:00', '5000.0'),
('203466060', 'SIT170594', 'Deposit', '2020-11-26', '16:12:00', '5000.0'),
('673421872', 'SIT170594', 'Deposit', '2020-12-26', '15:44:00', '5000.0'),
('103066850', 'SIT170594', 'Deposit', '2021-01-10', '20:46:00', '10000.0'),
('762228525', 'SIT170594', 'Deposit', '2021-02-23', '10:26:00', '10000.0'),
('230896605', 'SIT170594', 'Deposit', '2021-03-26', '14:19:00', '10000.0'),
('392608022', 'SIT170594', 'Deposit', '2021-04-17', '18:34:00', '10000.0'),
('943372317', 'SIT170594', 'Deposit', '2021-05-14', '11:49:00', '10000.0'),
('657361248', 'SIT170594', 'Deposit', '2021-06-28', '11:17:00', '10000.0'),
('301783329', 'SIT170594', 'Deposit', '2021-07-16', '10:41:00', '10000.0'),
('857648354', 'SIT170594', 'Deposit', '2021-08-14', '19:37:00', '10000.0'),
('820307572', 'SIT170594', 'Deposit', '2021-09-15', '18:32:00', '10000.0'),
('520985845', 'SIT170594', 'Deposit', '2021-10-13', '19:56:00', '10000.0'),
('475572541', 'SIT170594', 'Deposit', '2021-11-14', '14:15:00', '10000.0'),
('818096223', 'SIT170594', 'Deposit', '2021-12-23', '18:42:00', '10000.0'),
('194544729', 'SIT170594', 'Deposit', '2022-01-11', '13:37:00', '10000.0'),
('558067094', 'SIT170594', 'Deposit', '2022-02-21', '15:55:00', '10000.0'),
('309901434', 'SIT170594', 'Deposit', '2022-03-22', '12:23:00', '10000.0'),
('998753443', 'SIT170594', 'Deposit', '2022-04-25', '16:58:00', '10000.0'),
('288025849', 'SIT170594', 'Deposit', '2022-05-23', '12:40:00', '10000.0'),
('186998699', 'SIT170594', 'Deposit', '2022-06-22', '18:37:00', '10000.0'),
('684737201', 'SIT170594', 'Deposit', '2022-07-28', '15:25:00', '10000.0'),
('088812188', 'SIT170594', 'Deposit', '2022-08-21', '10:54:00', '10000.0'),
('114507453', 'SIT170594', 'Deposit', '2022-09-13', '18:28:00', '10000.0'),
('076636585', 'SIT170594', 'Deposit', '2022-10-22', '19:16:00', '10000.0'),
('508218019', 'SIT170594', 'Deposit', '2022-11-26', '13:12:00', '10000.0'),
('716251651', 'SIT170594', 'Deposit', '2022-12-11', '14:38:00', '10000.0'),
('683495205', 'SIT170594', 'Deposit', '2023-01-10', '15:31:00', '10000.0'),
('480492634', 'SIT170594', 'Deposit', '2023-02-10', '13:55:00', '10000.0'),
('206988332', 'SIT170594', 'Deposit', '2023-03-17', '15:26:00', '10000.0'),
('687973362', 'SIT170594', 'Deposit', '2023-04-25', '20:40:00', '10000.0'),
('991036618', 'SIT170594', 'Deposit', '2023-05-16', '20:44:00', '10000.0'),
('013762410', 'SIT170594', 'Deposit', '2023-06-28', '16:23:00', '10000.0'),
('382367187', 'SIT170594', 'Deposit', '2023-07-10', '19:11:00', '10000.0'),
('535196773', 'SIT170594', 'Deposit', '2023-08-12', '16:44:00', '10000.0'),
('777400565', 'SIT170594', 'Deposit', '2023-09-25', '20:35:00', '10000.0'),
('335131427', 'SIT170594', 'Deposit', '2023-10-10', '17:53:00', '10000.0'),
('414885524', 'SIT170594', 'Deposit', '2023-11-21', '16:33:00', '10000.0'),
('175407440', 'SIT170594', 'Deposit', '2023-12-13', '14:43:00', '10000.0'),
('027165590', 'SJD173807', 'Deposit', '2017-01-18', '16:54:00', '5000.0'),
('564790057', 'SJD173807', 'Deposit', '2017-02-12', '12:21:00', '5000.0'),
('985275619', 'SJD173807', 'Deposit', '2017-03-16', '11:46:00', '5000.0'),
('586809977', 'SJD173807', 'Deposit', '2017-04-20', '14:19:00', '5000.0'),
('210560873', 'SJD173807', 'Deposit', '2017-05-19', '17:23:00', '5000.0'),
('644661319', 'SJD173807', 'Deposit', '2017-06-11', '19:19:00', '5000.0'),
('386057670', 'SJD173807', 'Deposit', '2017-07-18', '19:37:00', '5000.0'),
('363655112', 'SJD173807', 'Deposit', '2017-08-21', '10:10:00', '5000.0'),
('548880596', 'SJD173807', 'Deposit', '2017-09-20', '10:11:00', '5000.0'),
('005365785', 'SJD173807', 'Deposit', '2017-10-14', '10:11:00', '5000.0'),
('478682227', 'SJD173807', 'Deposit', '2017-11-16', '19:36:00', '5000.0'),
('703968840', 'SJD173807', 'Deposit', '2017-12-19', '13:42:00', '5000.0'),
('762888484', 'SJD173807', 'Deposit', '2018-01-11', '19:35:00', '10000.0'),
('101452877', 'SJD173807', 'Deposit', '2018-02-10', '13:30:00', '10000.0'),
('623564968', 'SJD173807', 'Deposit', '2018-03-17', '19:54:00', '10000.0'),
('586017649', 'SJD173807', 'Deposit', '2018-04-16', '20:57:00', '10000.0'),
('590181952', 'SJD173807', 'Deposit', '2018-05-28', '11:13:00', '10000.0'),
('355515933', 'SJD173807', 'Deposit', '2018-06-17', '20:36:00', '10000.0'),
('146987093', 'SJD173807', 'Deposit', '2018-07-21', '12:40:00', '10000.0'),
('523809809', 'SJD173807', 'Deposit', '2018-08-14', '13:20:00', '10000.0'),
('463762786', 'SJD173807', 'Deposit', '2018-09-14', '18:59:00', '10000.0'),
('420520664', 'SJD173807', 'Deposit', '2018-10-25', '20:35:00', '10000.0'),
('529257750', 'SJD173807', 'Deposit', '2018-11-12', '17:18:00', '10000.0'),
('893320568', 'SJD173807', 'Deposit', '2018-12-15', '15:56:00', '10000.0'),
('108102344', 'SJD173807', 'Deposit', '2019-01-28', '20:55:00', '5000.0'),
('802525264', 'SJD173807', 'Deposit', '2019-02-28', '14:51:00', '5000.0'),
('363848194', 'SJD173807', 'Deposit', '2019-03-10', '18:37:00', '5000.0'),
('622000286', 'SJD173807', 'Deposit', '2019-04-16', '12:39:00', '5000.0'),
('653307656', 'SJD173807', 'Deposit', '2019-05-24', '20:10:00', '5000.0'),
('831912933', 'SJD173807', 'Deposit', '2019-06-18', '20:23:00', '5000.0'),
('781486261', 'SJD173807', 'Deposit', '2019-07-24', '15:49:00', '5000.0'),
('188768654', 'SJD173807', 'Deposit', '2019-08-27', '17:56:00', '5000.0'),
('803089216', 'SJD173807', 'Deposit', '2019-09-15', '18:34:00', '5000.0'),
('566877332', 'SJD173807', 'Deposit', '2019-10-13', '12:41:00', '5000.0'),
('638021802', 'SJD173807', 'Deposit', '2019-11-11', '10:29:00', '5000.0'),
('531476682', 'SJD173807', 'Deposit', '2019-12-20', '16:21:00', '5000.0'),
('202668763', 'SJD173807', 'Deposit', '2020-01-17', '15:32:00', '5000.0'),
('234927143', 'SJD173807', 'Deposit', '2020-02-20', '12:26:00', '5000.0'),
('286584460', 'SJD173807', 'Deposit', '2020-03-23', '13:53:00', '5000.0'),
('723395960', 'SJD173807', 'Deposit', '2020-04-20', '11:25:00', '5000.0'),
('425793827', 'SJD173807', 'Deposit', '2020-05-14', '13:42:00', '5000.0'),
('482308858', 'SJD173807', 'Deposit', '2020-06-11', '16:35:00', '5000.0'),
('662860776', 'SJD173807', 'Deposit', '2020-07-27', '19:47:00', '5000.0'),
('918684548', 'SJD173807', 'Deposit', '2020-08-22', '11:41:00', '5000.0'),
('587422176', 'SJD173807', 'Deposit', '2020-09-21', '12:12:00', '5000.0'),
('344693005', 'SJD173807', 'Deposit', '2020-10-19', '18:19:00', '5000.0'),
('241158473', 'SJD173807', 'Deposit', '2020-11-21', '16:21:00', '5000.0'),
('267952300', 'SJD173807', 'Deposit', '2020-12-18', '10:22:00', '5000.0'),
('767429100', 'SJD173807', 'Deposit', '2021-01-20', '19:24:00', '5000.0'),
('011019844', 'SJD173807', 'Deposit', '2021-02-10', '19:12:00', '5000.0'),
('968243600', 'SJD173807', 'Deposit', '2021-03-20', '11:52:00', '5000.0'),
('830680082', 'SJD173807', 'Deposit', '2021-04-26', '16:57:00', '5000.0'),
('221548338', 'SJD173807', 'Deposit', '2021-05-27', '11:12:00', '5000.0'),
('257041969', 'SJD173807', 'Deposit', '2021-06-18', '16:24:00', '5000.0'),
('634985237', 'SJD173807', 'Deposit', '2021-07-23', '14:41:00', '5000.0'),
('482912960', 'SJD173807', 'Deposit', '2021-08-18', '10:27:00', '5000.0'),
('276724205', 'SJD173807', 'Deposit', '2021-09-16', '11:19:00', '5000.0'),
('436657116', 'SJD173807', 'Deposit', '2021-10-27', '15:28:00', '5000.0'),
('269786549', 'SJD173807', 'Deposit', '2021-11-13', '10:26:00', '5000.0'),
('767461881', 'SJD173807', 'Deposit', '2021-12-27', '17:12:00', '5000.0'),
('742042620', 'SJD173807', 'Deposit', '2022-01-13', '18:59:00', '10000.0'),
('800203301', 'SJD173807', 'Deposit', '2022-02-10', '20:45:00', '10000.0'),
('465199597', 'SJD173807', 'Deposit', '2022-03-10', '17:55:00', '10000.0'),
('878403792', 'SJD173807', 'Deposit', '2022-04-23', '12:12:00', '10000.0'),
('307665892', 'SJD173807', 'Deposit', '2022-05-15', '20:15:00', '10000.0'),
('214025984', 'SJD173807', 'Deposit', '2022-06-12', '12:47:00', '10000.0'),
('657611976', 'SJD173807', 'Deposit', '2022-07-23', '10:13:00', '10000.0'),
('711261829', 'SJD173807', 'Deposit', '2022-08-16', '17:15:00', '10000.0'),
('032656624', 'SJD173807', 'Deposit', '2022-09-25', '12:50:00', '10000.0'),
('452399446', 'SJD173807', 'Deposit', '2022-10-10', '13:23:00', '10000.0'),
('722447829', 'SJD173807', 'Deposit', '2022-11-18', '12:49:00', '10000.0'),
('605079422', 'SJD173807', 'Deposit', '2022-12-24', '12:49:00', '10000.0'),
('289498158', 'SJD173807', 'Deposit', '2023-01-15', '19:59:00', '5000.0'),
('034636556', 'SJD173807', 'Deposit', '2023-02-14', '10:22:00', '5000.0'),
('446167617', 'SJD173807', 'Deposit', '2023-03-18', '15:19:00', '5000.0'),
('492414541', 'SJD173807', 'Deposit', '2023-04-20', '20:14:00', '5000.0'),
('081647378', 'SJD173807', 'Deposit', '2023-05-27', '13:48:00', '5000.0'),
('634928074', 'SJD173807', 'Deposit', '2023-06-20', '19:16:00', '5000.0'),
('838571777', 'SJD173807', 'Deposit', '2023-07-28', '12:12:00', '5000.0'),
('198617746', 'SJD173807', 'Deposit', '2023-08-18', '18:15:00', '5000.0'),
('226343012', 'SJD173807', 'Deposit', '2023-09-27', '18:34:00', '5000.0'),
('392627526', 'SJD173807', 'Deposit', '2023-10-12', '17:37:00', '5000.0'),
('348665825', 'SJD173807', 'Deposit', '2023-11-14', '11:18:00', '5000.0'),
('388934458', 'SJD173807', 'Deposit', '2023-12-13', '15:10:00', '5000.0'),
('528571639', 'SJJ190298', 'Deposit', '2019-01-10', '19:17:00', '10000.0'),
('007662294', 'SJJ190298', 'Deposit', '2019-02-12', '14:38:00', '10000.0'),
('114498425', 'SJJ190298', 'Deposit', '2019-03-14', '19:10:00', '10000.0'),
('662896043', 'SJJ190298', 'Deposit', '2019-04-24', '20:11:00', '10000.0'),
('529723498', 'SJJ190298', 'Deposit', '2019-05-20', '20:39:00', '10000.0'),
('994970916', 'SJJ190298', 'Deposit', '2019-06-26', '14:41:00', '10000.0'),
('677653858', 'SJJ190298', 'Deposit', '2019-07-18', '16:46:00', '10000.0'),
('203747300', 'SJJ190298', 'Deposit', '2019-08-11', '15:50:00', '10000.0'),
('289953358', 'SJJ190298', 'Deposit', '2019-09-13', '18:36:00', '10000.0'),
('499313363', 'SJJ190298', 'Deposit', '2019-10-21', '16:46:00', '10000.0'),
('280113733', 'SJJ190298', 'Deposit', '2019-11-11', '10:27:00', '10000.0'),
('834766992', 'SJJ190298', 'Deposit', '2019-12-20', '12:51:00', '10000.0'),
('494561425', 'SJJ190298', 'Deposit', '2020-01-25', '19:16:00', '5000.0'),
('641442814', 'SJJ190298', 'Deposit', '2020-02-16', '16:47:00', '5000.0'),
('877308285', 'SJJ190298', 'Deposit', '2020-03-14', '16:50:00', '5000.0'),
('424371201', 'SJJ190298', 'Deposit', '2020-04-23', '14:12:00', '5000.0'),
('436842682', 'SJJ190298', 'Deposit', '2020-05-14', '19:13:00', '5000.0'),
('721116123', 'SJJ190298', 'Deposit', '2020-06-17', '14:12:00', '5000.0'),
('578179565', 'SJJ190298', 'Deposit', '2020-07-13', '17:37:00', '5000.0'),
('136179951', 'SJJ190298', 'Deposit', '2020-08-12', '19:38:00', '5000.0'),
('125469224', 'SJJ190298', 'Deposit', '2020-09-12', '14:14:00', '5000.0'),
('894741438', 'SJJ190298', 'Deposit', '2020-10-10', '17:34:00', '5000.0'),
('571888265', 'SJJ190298', 'Deposit', '2020-11-16', '19:23:00', '5000.0'),
('843943912', 'SJJ190298', 'Deposit', '2020-12-12', '10:40:00', '5000.0'),
('247667656', 'SJJ190298', 'Deposit', '2021-01-14', '11:12:00', '5000.0'),
('663733336', 'SJJ190298', 'Deposit', '2021-02-15', '14:33:00', '5000.0'),
('932835243', 'SJJ190298', 'Deposit', '2021-03-16', '11:55:00', '5000.0'),
('241411380', 'SJJ190298', 'Deposit', '2021-04-12', '20:58:00', '5000.0'),
('820546697', 'SJJ190298', 'Deposit', '2021-05-14', '16:59:00', '5000.0'),
('927845347', 'SJJ190298', 'Deposit', '2021-06-11', '19:53:00', '5000.0'),
('292809847', 'SJJ190298', 'Deposit', '2021-07-12', '13:22:00', '5000.0'),
('740889848', 'SJJ190298', 'Deposit', '2021-08-14', '11:13:00', '5000.0'),
('549182515', 'SJJ190298', 'Deposit', '2021-09-10', '12:17:00', '5000.0'),
('409915153', 'SJJ190298', 'Deposit', '2021-10-24', '16:21:00', '5000.0'),
('670958321', 'SJJ190298', 'Deposit', '2021-11-10', '19:39:00', '5000.0'),
('845737610', 'SJJ190298', 'Deposit', '2021-12-15', '19:46:00', '5000.0'),
('132448183', 'SJJ190298', 'Deposit', '2022-01-17', '14:24:00', '10000.0'),
('363022384', 'SJJ190298', 'Deposit', '2022-02-12', '13:28:00', '10000.0'),
('099697418', 'SJJ190298', 'Deposit', '2022-03-14', '15:46:00', '10000.0'),
('831619457', 'SJJ190298', 'Deposit', '2022-04-17', '19:14:00', '10000.0'),
('240834567', 'SJJ190298', 'Deposit', '2022-05-17', '13:31:00', '10000.0'),
('992420641', 'SJJ190298', 'Deposit', '2022-06-22', '19:51:00', '10000.0'),
('336199105', 'SJJ190298', 'Deposit', '2022-07-11', '15:52:00', '10000.0'),
('272762169', 'SJJ190298', 'Deposit', '2022-08-28', '15:58:00', '10000.0'),
('127203749', 'SJJ190298', 'Deposit', '2022-09-14', '17:23:00', '10000.0'),
('674854270', 'SJJ190298', 'Deposit', '2022-10-13', '13:20:00', '10000.0'),
('488443175', 'SJJ190298', 'Deposit', '2022-11-17', '16:37:00', '10000.0'),
('371586339', 'SJJ190298', 'Deposit', '2022-12-18', '19:22:00', '10000.0'),
('125513787', 'SJJ190298', 'Deposit', '2023-01-11', '19:27:00', '5000.0'),
('132166447', 'SJJ190298', 'Deposit', '2023-02-13', '18:56:00', '5000.0'),
('332477740', 'SJJ190298', 'Deposit', '2023-03-13', '10:19:00', '5000.0'),
('367164619', 'SJJ190298', 'Deposit', '2023-04-26', '16:50:00', '5000.0'),
('795160787', 'SJJ190298', 'Deposit', '2023-05-14', '20:53:00', '5000.0'),
('453235097', 'SJJ190298', 'Deposit', '2023-06-21', '19:54:00', '5000.0'),
('754785965', 'SJJ190298', 'Deposit', '2023-07-10', '18:49:00', '5000.0'),
('756314137', 'SJJ190298', 'Deposit', '2023-08-13', '10:16:00', '5000.0'),
('814900078', 'SJJ190298', 'Deposit', '2023-09-18', '11:38:00', '5000.0'),
('194833768', 'SJJ190298', 'Deposit', '2023-10-25', '13:47:00', '5000.0'),
('369080774', 'SJJ190298', 'Deposit', '2023-11-20', '14:13:00', '5000.0'),
('750984308', 'SJJ190298', 'Deposit', '2023-12-18', '18:23:00', '5000.0'),
('600638119', 'SJS160034', 'Deposit', '2016-01-28', '12:48:00', '5000.0'),
('895943673', 'SJS160034', 'Deposit', '2016-02-14', '11:36:00', '5000.0'),
('141784278', 'SJS160034', 'Deposit', '2016-03-10', '10:24:00', '5000.0'),
('365366799', 'SJS160034', 'Deposit', '2016-04-21', '18:53:00', '5000.0'),
('506923318', 'SJS160034', 'Deposit', '2016-05-10', '11:53:00', '5000.0'),
('117225026', 'SJS160034', 'Deposit', '2016-06-10', '10:38:00', '5000.0'),
('123236459', 'SJS160034', 'Deposit', '2016-07-21', '12:23:00', '5000.0'),
('982108110', 'SJS160034', 'Deposit', '2016-08-18', '17:21:00', '5000.0'),
('538006716', 'SJS160034', 'Deposit', '2016-09-16', '11:45:00', '5000.0'),
('183569623', 'SJS160034', 'Deposit', '2016-10-22', '18:39:00', '5000.0'),
('738282710', 'SJS160034', 'Deposit', '2016-11-10', '18:23:00', '5000.0'),
('663353312', 'SJS160034', 'Deposit', '2016-12-27', '10:40:00', '5000.0'),
('323039858', 'SJS160034', 'Deposit', '2017-01-16', '19:14:00', '10000.0'),
('045473424', 'SJS160034', 'Deposit', '2017-02-18', '11:44:00', '10000.0'),
('926785672', 'SJS160034', 'Deposit', '2017-03-11', '11:42:00', '10000.0'),
('793145154', 'SJS160034', 'Deposit', '2017-04-22', '20:57:00', '10000.0'),
('507471293', 'SJS160034', 'Deposit', '2017-05-27', '12:37:00', '10000.0'),
('268399488', 'SJS160034', 'Deposit', '2017-06-14', '19:45:00', '10000.0'),
('070489394', 'SJS160034', 'Deposit', '2017-07-22', '14:23:00', '10000.0'),
('942445733', 'SJS160034', 'Deposit', '2017-08-20', '12:12:00', '10000.0'),
('431047578', 'SJS160034', 'Deposit', '2017-09-16', '10:11:00', '10000.0'),
('169186058', 'SJS160034', 'Deposit', '2017-10-24', '10:26:00', '10000.0'),
('183379557', 'SJS160034', 'Deposit', '2017-11-12', '13:44:00', '10000.0'),
('731655481', 'SJS160034', 'Deposit', '2017-12-10', '18:59:00', '10000.0'),
('989668714', 'SJS160034', 'Deposit', '2018-01-12', '16:27:00', '10000.0'),
('881902881', 'SJS160034', 'Deposit', '2018-02-27', '14:24:00', '10000.0'),
('779070274', 'SJS160034', 'Deposit', '2018-03-11', '11:25:00', '10000.0'),
('861623281', 'SJS160034', 'Deposit', '2018-04-14', '11:32:00', '10000.0'),
('681426326', 'SJS160034', 'Deposit', '2018-05-24', '19:33:00', '10000.0'),
('072395478', 'SJS160034', 'Deposit', '2018-06-13', '11:16:00', '10000.0'),
('322003471', 'SJS160034', 'Deposit', '2018-07-17', '12:43:00', '10000.0'),
('747987535', 'SJS160034', 'Deposit', '2018-08-28', '10:54:00', '10000.0'),
('824692335', 'SJS160034', 'Deposit', '2018-09-16', '16:17:00', '10000.0'),
('589378293', 'SJS160034', 'Deposit', '2018-10-27', '16:52:00', '10000.0'),
('610253648', 'SJS160034', 'Deposit', '2018-11-20', '11:46:00', '10000.0'),
('137363840', 'SJS160034', 'Deposit', '2018-12-22', '15:40:00', '10000.0'),
('377052782', 'SJS160034', 'Deposit', '2019-01-28', '15:23:00', '10000.0'),
('226058868', 'SJS160034', 'Deposit', '2019-02-25', '15:13:00', '10000.0'),
('907751056', 'SJS160034', 'Deposit', '2019-03-27', '20:18:00', '10000.0'),
('460658989', 'SJS160034', 'Deposit', '2019-04-15', '13:59:00', '10000.0'),
('532561023', 'SJS160034', 'Deposit', '2019-05-22', '20:51:00', '10000.0'),
('068630670', 'SJS160034', 'Deposit', '2019-06-26', '14:42:00', '10000.0'),
('492324265', 'SJS160034', 'Deposit', '2019-07-23', '12:49:00', '10000.0'),
('955005226', 'SJS160034', 'Deposit', '2019-08-18', '14:53:00', '10000.0'),
('122782121', 'SJS160034', 'Deposit', '2019-09-20', '16:54:00', '10000.0'),
('995826443', 'SJS160034', 'Deposit', '2019-10-20', '12:49:00', '10000.0'),
('153600146', 'SJS160034', 'Deposit', '2019-11-11', '19:40:00', '10000.0'),
('383028906', 'SJS160034', 'Deposit', '2019-12-12', '15:53:00', '10000.0'),
('627374199', 'SJS160034', 'Deposit', '2020-01-13', '20:44:00', '5000.0'),
('307585218', 'SJS160034', 'Deposit', '2020-02-27', '16:46:00', '5000.0'),
('821978387', 'SJS160034', 'Deposit', '2020-03-23', '13:56:00', '5000.0'),
('787335972', 'SJS160034', 'Deposit', '2020-04-19', '15:57:00', '5000.0'),
('651942426', 'SJS160034', 'Deposit', '2020-05-12', '15:25:00', '5000.0'),
('273316761', 'SJS160034', 'Deposit', '2020-06-18', '17:48:00', '5000.0'),
('519054462', 'SJS160034', 'Deposit', '2020-07-26', '11:11:00', '5000.0'),
('870846282', 'SJS160034', 'Deposit', '2020-08-21', '17:55:00', '5000.0'),
('405467697', 'SJS160034', 'Deposit', '2020-09-10', '14:25:00', '5000.0'),
('197631339', 'SJS160034', 'Deposit', '2020-10-16', '16:53:00', '5000.0'),
('269486120', 'SJS160034', 'Deposit', '2020-11-24', '16:34:00', '5000.0'),
('394742099', 'SJS160034', 'Deposit', '2020-12-22', '17:55:00', '5000.0'),
('011452328', 'SJS160034', 'Deposit', '2021-01-17', '19:59:00', '5000.0'),
('951681447', 'SJS160034', 'Deposit', '2021-02-10', '14:58:00', '5000.0'),
('710652135', 'SJS160034', 'Deposit', '2021-03-21', '17:17:00', '5000.0'),
('755039571', 'SJS160034', 'Deposit', '2021-04-28', '10:43:00', '5000.0'),
('701824675', 'SJS160034', 'Deposit', '2021-05-21', '13:11:00', '5000.0'),
('759044602', 'SJS160034', 'Deposit', '2021-06-22', '11:14:00', '5000.0'),
('825716863', 'SJS160034', 'Deposit', '2021-07-13', '18:26:00', '5000.0'),
('693848736', 'SJS160034', 'Deposit', '2021-08-14', '12:13:00', '5000.0'),
('344591568', 'SJS160034', 'Deposit', '2021-09-11', '12:49:00', '5000.0'),
('149547059', 'SJS160034', 'Deposit', '2021-10-22', '13:51:00', '5000.0'),
('190554933', 'SJS160034', 'Deposit', '2021-11-11', '20:17:00', '5000.0'),
('599371033', 'SJS160034', 'Deposit', '2021-12-20', '18:40:00', '5000.0'),
('716321619', 'SJS160034', 'Deposit', '2022-01-28', '18:38:00', '5000.0'),
('428183517', 'SJS160034', 'Deposit', '2022-02-22', '11:34:00', '5000.0'),
('631758335', 'SJS160034', 'Deposit', '2022-03-26', '12:33:00', '5000.0'),
('814206328', 'SJS160034', 'Deposit', '2022-04-18', '19:40:00', '5000.0'),
('131196068', 'SJS160034', 'Deposit', '2022-05-18', '10:40:00', '5000.0'),
('471399551', 'SJS160034', 'Deposit', '2022-06-19', '14:14:00', '5000.0'),
('423512770', 'SJS160034', 'Deposit', '2022-07-22', '17:12:00', '5000.0'),
('830343809', 'SJS160034', 'Deposit', '2022-08-10', '13:37:00', '5000.0'),
('258893012', 'SJS160034', 'Deposit', '2022-09-11', '10:15:00', '5000.0'),
('018014062', 'SJS160034', 'Deposit', '2022-10-13', '11:44:00', '5000.0'),
('940532618', 'SJS160034', 'Deposit', '2022-11-11', '16:37:00', '5000.0'),
('239683829', 'SJS160034', 'Deposit', '2022-12-22', '12:32:00', '5000.0'),
('115150362', 'SJS160034', 'Deposit', '2023-01-27', '10:10:00', '5000.0'),
('417815180', 'SJS160034', 'Deposit', '2023-02-11', '11:11:00', '5000.0'),
('330507097', 'SJS160034', 'Deposit', '2023-03-21', '13:33:00', '5000.0'),
('157087763', 'SJS160034', 'Deposit', '2023-04-22', '11:35:00', '5000.0'),
('679545991', 'SJS160034', 'Deposit', '2023-05-20', '17:54:00', '5000.0'),
('932068480', 'SJS160034', 'Deposit', '2023-06-18', '12:44:00', '5000.0'),
('875758487', 'SJS160034', 'Deposit', '2023-07-20', '13:51:00', '5000.0'),
('595610442', 'SJS160034', 'Deposit', '2023-08-19', '14:11:00', '5000.0'),
('020987187', 'SJS160034', 'Deposit', '2023-09-11', '15:28:00', '5000.0'),
('646014262', 'SJS160034', 'Deposit', '2023-10-10', '16:13:00', '5000.0'),
('266373855', 'SJS160034', 'Deposit', '2023-11-23', '18:53:00', '5000.0'),
('792761041', 'SJS160034', 'Deposit', '2023-12-22', '15:13:00', '5000.0'),
('263696790', 'SLR232687', 'Deposit', '2023-01-19', '10:25:00', '5000.0'),
('422692860', 'SLR232687', 'Deposit', '2023-02-19', '16:15:00', '5000.0'),
('389461986', 'SLR232687', 'Deposit', '2023-03-26', '16:18:00', '5000.0'),
('995262976', 'SLR232687', 'Deposit', '2023-04-20', '19:41:00', '5000.0'),
('768173862', 'SLR232687', 'Deposit', '2023-05-17', '16:31:00', '5000.0'),
('210910157', 'SLR232687', 'Deposit', '2023-06-12', '20:28:00', '5000.0'),
('168923451', 'SLR232687', 'Deposit', '2023-07-11', '10:25:00', '5000.0'),
('284142714', 'SLR232687', 'Deposit', '2023-08-27', '11:45:00', '5000.0'),
('456316655', 'SLR232687', 'Deposit', '2023-09-20', '16:11:00', '5000.0'),
('184089016', 'SLR232687', 'Deposit', '2023-10-16', '14:21:00', '5000.0'),
('363363246', 'SLR232687', 'Deposit', '2023-11-10', '11:54:00', '5000.0'),
('962613430', 'SLR232687', 'Deposit', '2023-12-26', '16:57:00', '5000.0'),
('736643880', 'SMG188666', 'Deposit', '2018-01-14', '16:37:00', '10000.0'),
('394092867', 'SMG188666', 'Deposit', '2018-02-24', '17:25:00', '10000.0'),
('390035093', 'SMG188666', 'Deposit', '2018-03-21', '17:15:00', '10000.0'),
('607438392', 'SMG188666', 'Deposit', '2018-04-23', '16:45:00', '10000.0'),
('827920850', 'SMG188666', 'Deposit', '2018-05-22', '18:51:00', '10000.0'),
('378414705', 'SMG188666', 'Deposit', '2018-06-17', '19:45:00', '10000.0'),
('453289600', 'SMG188666', 'Deposit', '2018-07-24', '17:34:00', '10000.0'),
('436453771', 'SMG188666', 'Deposit', '2018-08-22', '15:56:00', '10000.0'),
('626162247', 'SMG188666', 'Deposit', '2018-09-24', '18:20:00', '10000.0'),
('719171321', 'SMG188666', 'Deposit', '2018-10-26', '20:13:00', '10000.0'),
('952948922', 'SMG188666', 'Deposit', '2018-11-13', '14:56:00', '10000.0'),
('207083823', 'SMG188666', 'Deposit', '2018-12-22', '14:59:00', '10000.0'),
('589544616', 'SMG188666', 'Deposit', '2019-01-19', '16:21:00', '5000.0'),
('133254228', 'SMG188666', 'Deposit', '2019-02-10', '11:47:00', '5000.0'),
('628126991', 'SMG188666', 'Deposit', '2019-03-20', '15:38:00', '5000.0'),
('390067080', 'SMG188666', 'Deposit', '2019-04-13', '13:19:00', '5000.0'),
('469994762', 'SMG188666', 'Deposit', '2019-05-13', '12:41:00', '5000.0'),
('234451693', 'SMG188666', 'Deposit', '2019-06-21', '16:51:00', '5000.0'),
('612706137', 'SMG188666', 'Deposit', '2019-07-26', '14:13:00', '5000.0'),
('572176165', 'SMG188666', 'Deposit', '2019-08-11', '17:38:00', '5000.0'),
('089593906', 'SMG188666', 'Deposit', '2019-09-20', '15:25:00', '5000.0'),
('185736354', 'SMG188666', 'Deposit', '2019-10-25', '16:17:00', '5000.0'),
('112891086', 'SMG188666', 'Deposit', '2019-11-19', '12:56:00', '5000.0'),
('556421227', 'SMG188666', 'Deposit', '2019-12-27', '18:42:00', '5000.0'),
('763250573', 'SMG188666', 'Deposit', '2020-01-18', '16:11:00', '10000.0'),
('180910765', 'SMG188666', 'Deposit', '2020-02-22', '13:25:00', '10000.0'),
('777553635', 'SMG188666', 'Deposit', '2020-03-14', '15:43:00', '10000.0'),
('495781508', 'SMG188666', 'Deposit', '2020-04-15', '13:41:00', '10000.0'),
('602647289', 'SMG188666', 'Deposit', '2020-05-27', '15:58:00', '10000.0'),
('333212835', 'SMG188666', 'Deposit', '2020-06-20', '12:32:00', '10000.0'),
('045881907', 'SMG188666', 'Deposit', '2020-07-21', '11:32:00', '10000.0'),
('809639028', 'SMG188666', 'Deposit', '2020-08-27', '12:21:00', '10000.0'),
('019056390', 'SMG188666', 'Deposit', '2020-09-26', '10:41:00', '10000.0'),
('608255102', 'SMG188666', 'Deposit', '2020-10-25', '10:35:00', '10000.0'),
('298037926', 'SMG188666', 'Deposit', '2020-11-16', '18:54:00', '10000.0'),
('347534597', 'SMG188666', 'Deposit', '2020-12-10', '20:29:00', '10000.0'),
('740438867', 'SMG188666', 'Deposit', '2021-01-14', '13:59:00', '10000.0'),
('873816238', 'SMG188666', 'Deposit', '2021-02-28', '12:47:00', '10000.0'),
('650267029', 'SMG188666', 'Deposit', '2021-03-28', '19:46:00', '10000.0'),
('355516262', 'SMG188666', 'Deposit', '2021-04-12', '17:36:00', '10000.0'),
('794829363', 'SMG188666', 'Deposit', '2021-05-28', '20:55:00', '10000.0'),
('954568355', 'SMG188666', 'Deposit', '2021-06-24', '16:43:00', '10000.0'),
('933175077', 'SMG188666', 'Deposit', '2021-07-18', '16:40:00', '10000.0'),
('926839713', 'SMG188666', 'Deposit', '2021-08-23', '19:11:00', '10000.0'),
('560812838', 'SMG188666', 'Deposit', '2021-09-17', '15:39:00', '10000.0'),
('619718912', 'SMG188666', 'Deposit', '2021-10-20', '15:25:00', '10000.0'),
('073891908', 'SMG188666', 'Deposit', '2021-11-28', '17:18:00', '10000.0'),
('180708747', 'SMG188666', 'Deposit', '2021-12-11', '12:58:00', '10000.0'),
('752826746', 'SMG188666', 'Deposit', '2022-01-26', '11:21:00', '10000.0'),
('872772711', 'SMG188666', 'Deposit', '2022-02-14', '18:50:00', '10000.0'),
('748494269', 'SMG188666', 'Deposit', '2022-03-24', '14:45:00', '10000.0'),
('850454290', 'SMG188666', 'Deposit', '2022-04-18', '18:35:00', '10000.0'),
('896579725', 'SMG188666', 'Deposit', '2022-05-17', '18:10:00', '10000.0'),
('304411265', 'SMG188666', 'Deposit', '2022-06-10', '20:51:00', '10000.0'),
('657603787', 'SMG188666', 'Deposit', '2022-07-18', '14:37:00', '10000.0'),
('636248128', 'SMG188666', 'Deposit', '2022-08-15', '13:52:00', '10000.0'),
('589326930', 'SMG188666', 'Deposit', '2022-09-24', '18:48:00', '10000.0'),
('128904401', 'SMG188666', 'Deposit', '2022-10-16', '11:49:00', '10000.0'),
('140823945', 'SMG188666', 'Deposit', '2022-11-23', '14:19:00', '10000.0'),
('662874115', 'SMG188666', 'Deposit', '2022-12-20', '18:50:00', '10000.0'),
('806156233', 'SMG188666', 'Deposit', '2023-01-23', '19:55:00', '10000.0'),
('387727411', 'SMG188666', 'Deposit', '2023-02-10', '15:32:00', '10000.0'),
('006773386', 'SMG188666', 'Deposit', '2023-03-19', '16:53:00', '10000.0'),
('903397880', 'SMG188666', 'Deposit', '2023-04-16', '17:47:00', '10000.0'),
('122797325', 'SMG188666', 'Deposit', '2023-05-18', '11:49:00', '10000.0'),
('279315241', 'SMG188666', 'Deposit', '2023-06-19', '12:33:00', '10000.0'),
('280686434', 'SMG188666', 'Deposit', '2023-07-16', '14:41:00', '10000.0'),
('738498356', 'SMG188666', 'Deposit', '2023-08-15', '19:13:00', '10000.0'),
('781403497', 'SMG188666', 'Deposit', '2023-09-18', '15:11:00', '10000.0'),
('153710861', 'SMG188666', 'Deposit', '2023-10-15', '19:19:00', '10000.0'),
('876044370', 'SMG188666', 'Deposit', '2023-11-10', '13:49:00', '10000.0'),
('296036051', 'SMG188666', 'Deposit', '2023-12-18', '15:13:00', '10000.0'),
('708635181', 'SMW183317', 'Deposit', '2018-01-15', '17:14:00', '10000.0'),
('006470836', 'SMW183317', 'Deposit', '2018-02-24', '10:31:00', '10000.0'),
('198634444', 'SMW183317', 'Deposit', '2018-03-20', '18:52:00', '10000.0'),
('444177310', 'SMW183317', 'Deposit', '2018-04-14', '20:23:00', '10000.0'),
('894018836', 'SMW183317', 'Deposit', '2018-05-17', '18:35:00', '10000.0'),
('599488576', 'SMW183317', 'Deposit', '2018-06-16', '14:36:00', '10000.0'),
('265238996', 'SMW183317', 'Deposit', '2018-07-13', '14:59:00', '10000.0'),
('505790999', 'SMW183317', 'Deposit', '2018-08-28', '17:31:00', '10000.0'),
('025033614', 'SMW183317', 'Deposit', '2018-09-23', '18:49:00', '10000.0'),
('348255513', 'SMW183317', 'Deposit', '2018-10-22', '18:55:00', '10000.0'),
('866689192', 'SMW183317', 'Deposit', '2018-11-27', '16:50:00', '10000.0'),
('992460511', 'SMW183317', 'Deposit', '2018-12-23', '11:33:00', '10000.0'),
('647716890', 'SMW183317', 'Deposit', '2019-01-16', '17:29:00', '10000.0'),
('372425839', 'SMW183317', 'Deposit', '2019-02-21', '20:47:00', '10000.0'),
('941277956', 'SMW183317', 'Deposit', '2019-03-27', '17:10:00', '10000.0'),
('417759549', 'SMW183317', 'Deposit', '2019-04-26', '13:52:00', '10000.0'),
('077373430', 'SMW183317', 'Deposit', '2019-05-10', '16:59:00', '10000.0'),
('197964271', 'SMW183317', 'Deposit', '2019-06-11', '11:41:00', '10000.0'),
('641479160', 'SMW183317', 'Deposit', '2019-07-22', '20:33:00', '10000.0'),
('617934896', 'SMW183317', 'Deposit', '2019-08-17', '11:33:00', '10000.0'),
('590379955', 'SMW183317', 'Deposit', '2019-09-12', '15:55:00', '10000.0'),
('479422067', 'SMW183317', 'Deposit', '2019-10-15', '15:24:00', '10000.0'),
('701806752', 'SMW183317', 'Deposit', '2019-11-12', '13:15:00', '10000.0'),
('783050559', 'SMW183317', 'Deposit', '2019-12-24', '15:37:00', '10000.0'),
('567649432', 'SMW183317', 'Deposit', '2020-01-14', '17:42:00', '5000.0'),
('703681738', 'SMW183317', 'Deposit', '2020-02-27', '17:51:00', '5000.0'),
('531408013', 'SMW183317', 'Deposit', '2020-03-11', '11:11:00', '5000.0'),
('238514138', 'SMW183317', 'Deposit', '2020-04-24', '16:20:00', '5000.0'),
('537525361', 'SMW183317', 'Deposit', '2020-05-10', '12:38:00', '5000.0'),
('732727893', 'SMW183317', 'Deposit', '2020-06-20', '14:59:00', '5000.0'),
('848294941', 'SMW183317', 'Deposit', '2020-07-20', '14:15:00', '5000.0'),
('120872330', 'SMW183317', 'Deposit', '2020-08-15', '10:52:00', '5000.0'),
('212229257', 'SMW183317', 'Deposit', '2020-09-13', '13:18:00', '5000.0'),
('203296624', 'SMW183317', 'Deposit', '2020-10-15', '14:46:00', '5000.0'),
('004373051', 'SMW183317', 'Deposit', '2020-11-17', '20:48:00', '5000.0'),
('780208216', 'SMW183317', 'Deposit', '2020-12-25', '16:21:00', '5000.0'),
('525912433', 'SMW183317', 'Deposit', '2021-01-26', '15:31:00', '5000.0'),
('098431826', 'SMW183317', 'Deposit', '2021-02-23', '19:11:00', '5000.0'),
('078203134', 'SMW183317', 'Deposit', '2021-03-25', '13:23:00', '5000.0'),
('873393813', 'SMW183317', 'Deposit', '2021-04-23', '19:25:00', '5000.0'),
('610256242', 'SMW183317', 'Deposit', '2021-05-18', '20:33:00', '5000.0'),
('708217958', 'SMW183317', 'Deposit', '2021-06-13', '16:10:00', '5000.0'),
('113462176', 'SMW183317', 'Deposit', '2021-07-13', '14:40:00', '5000.0'),
('360444992', 'SMW183317', 'Deposit', '2021-08-25', '19:36:00', '5000.0'),
('847989485', 'SMW183317', 'Deposit', '2021-09-25', '14:58:00', '5000.0'),
('616060552', 'SMW183317', 'Deposit', '2021-10-14', '13:24:00', '5000.0'),
('611852547', 'SMW183317', 'Deposit', '2021-11-14', '10:37:00', '5000.0'),
('332343508', 'SMW183317', 'Deposit', '2021-12-22', '12:34:00', '5000.0'),
('508373775', 'SMW183317', 'Deposit', '2022-01-10', '19:43:00', '5000.0'),
('443502656', 'SMW183317', 'Deposit', '2022-02-21', '20:14:00', '5000.0'),
('638787915', 'SMW183317', 'Deposit', '2022-03-23', '15:14:00', '5000.0'),
('858908184', 'SMW183317', 'Deposit', '2022-04-18', '16:27:00', '5000.0'),
('027019214', 'SMW183317', 'Deposit', '2022-05-21', '16:55:00', '5000.0'),
('441212353', 'SMW183317', 'Deposit', '2022-06-25', '18:17:00', '5000.0'),
('083794472', 'SMW183317', 'Deposit', '2022-07-11', '18:53:00', '5000.0'),
('420890467', 'SMW183317', 'Deposit', '2022-08-16', '13:11:00', '5000.0'),
('728997377', 'SMW183317', 'Deposit', '2022-09-21', '12:22:00', '5000.0'),
('708698759', 'SMW183317', 'Deposit', '2022-10-21', '14:52:00', '5000.0'),
('195683110', 'SMW183317', 'Deposit', '2022-11-24', '12:26:00', '5000.0'),
('898632955', 'SMW183317', 'Deposit', '2022-12-13', '20:25:00', '5000.0'),
('474072923', 'SMW183317', 'Deposit', '2023-01-24', '19:28:00', '5000.0'),
('829141834', 'SMW183317', 'Deposit', '2023-02-22', '11:58:00', '5000.0'),
('464249138', 'SMW183317', 'Deposit', '2023-03-20', '17:50:00', '5000.0'),
('470905817', 'SMW183317', 'Deposit', '2023-04-11', '12:30:00', '5000.0'),
('135139207', 'SMW183317', 'Deposit', '2023-05-22', '20:43:00', '5000.0'),
('173164935', 'SMW183317', 'Deposit', '2023-06-24', '10:55:00', '5000.0'),
('234803106', 'SMW183317', 'Deposit', '2023-07-15', '14:22:00', '5000.0'),
('277090348', 'SMW183317', 'Deposit', '2023-08-10', '16:49:00', '5000.0'),
('960370036', 'SMW183317', 'Deposit', '2023-09-23', '15:13:00', '5000.0'),
('761999615', 'SMW183317', 'Deposit', '2023-10-24', '11:16:00', '5000.0'),
('809986949', 'SMW183317', 'Deposit', '2023-11-13', '20:13:00', '5000.0'),
('832941385', 'SMW183317', 'Deposit', '2023-12-24', '19:16:00', '5000.0'),
('792752978', 'SOA230845', 'Deposit', '2023-01-15', '10:13:00', '5000.0'),
('736626692', 'SOA230845', 'Deposit', '2023-02-21', '14:18:00', '5000.0'),
('582926141', 'SOA230845', 'Deposit', '2023-03-25', '16:23:00', '5000.0'),
('850831694', 'SOA230845', 'Deposit', '2023-04-10', '17:25:00', '5000.0'),
('429282903', 'SOA230845', 'Deposit', '2023-05-12', '14:36:00', '5000.0'),
('063346252', 'SOA230845', 'Deposit', '2023-06-13', '19:54:00', '5000.0'),
('124349392', 'SOA230845', 'Deposit', '2023-07-21', '10:15:00', '5000.0'),
('844720520', 'SOA230845', 'Deposit', '2023-08-27', '18:31:00', '5000.0'),
('672471264', 'SOA230845', 'Deposit', '2023-09-25', '15:28:00', '5000.0'),
('114762705', 'SOA230845', 'Deposit', '2023-10-20', '20:52:00', '5000.0'),
('145178246', 'SOA230845', 'Deposit', '2023-11-23', '11:52:00', '5000.0'),
('139413042', 'SOA230845', 'Deposit', '2023-12-23', '13:37:00', '5000.0'),
('166588039', 'SRJ189405', 'Deposit', '2018-01-15', '17:25:00', '5000.0'),
('349970993', 'SRJ189405', 'Deposit', '2018-02-10', '14:52:00', '5000.0'),
('872295464', 'SRJ189405', 'Deposit', '2018-03-17', '14:24:00', '5000.0'),
('714675401', 'SRJ189405', 'Deposit', '2018-04-12', '18:43:00', '5000.0'),
('119011063', 'SRJ189405', 'Deposit', '2018-05-19', '10:30:00', '5000.0'),
('062915155', 'SRJ189405', 'Deposit', '2018-06-10', '19:50:00', '5000.0'),
('339944262', 'SRJ189405', 'Deposit', '2018-07-17', '14:38:00', '5000.0'),
('968374271', 'SRJ189405', 'Deposit', '2018-08-22', '17:43:00', '5000.0'),
('961787597', 'SRJ189405', 'Deposit', '2018-09-16', '11:37:00', '5000.0'),
('811591125', 'SRJ189405', 'Deposit', '2018-10-16', '17:12:00', '5000.0'),
('546067564', 'SRJ189405', 'Deposit', '2018-11-10', '14:10:00', '5000.0'),
('078057488', 'SRJ189405', 'Deposit', '2018-12-19', '19:19:00', '5000.0'),
('799521969', 'SRJ189405', 'Deposit', '2019-01-13', '19:24:00', '10000.0'),
('394996352', 'SRJ189405', 'Deposit', '2019-02-24', '14:59:00', '10000.0'),
('282314513', 'SRJ189405', 'Deposit', '2019-03-21', '18:42:00', '10000.0'),
('504804355', 'SRJ189405', 'Deposit', '2019-04-25', '16:26:00', '10000.0'),
('910493753', 'SRJ189405', 'Deposit', '2019-05-14', '10:18:00', '10000.0'),
('848454313', 'SRJ189405', 'Deposit', '2019-06-24', '13:19:00', '10000.0'),
('965588252', 'SRJ189405', 'Deposit', '2019-07-25', '13:22:00', '10000.0'),
('785830015', 'SRJ189405', 'Deposit', '2019-08-13', '20:22:00', '10000.0'),
('662632837', 'SRJ189405', 'Deposit', '2019-09-14', '20:16:00', '10000.0'),
('262071673', 'SRJ189405', 'Deposit', '2019-10-17', '12:29:00', '10000.0'),
('491041130', 'SRJ189405', 'Deposit', '2019-11-12', '16:51:00', '10000.0'),
('885955727', 'SRJ189405', 'Deposit', '2019-12-19', '14:30:00', '10000.0'),
('843500959', 'SRJ189405', 'Deposit', '2020-01-21', '18:31:00', '5000.0'),
('745071918', 'SRJ189405', 'Deposit', '2020-02-17', '17:56:00', '5000.0'),
('826555772', 'SRJ189405', 'Deposit', '2020-03-16', '12:51:00', '5000.0'),
('420265334', 'SRJ189405', 'Deposit', '2020-04-13', '12:42:00', '5000.0'),
('738936278', 'SRJ189405', 'Deposit', '2020-05-18', '20:43:00', '5000.0'),
('403524059', 'SRJ189405', 'Deposit', '2020-06-25', '20:38:00', '5000.0'),
('853162010', 'SRJ189405', 'Deposit', '2020-07-19', '15:17:00', '5000.0'),
('263775908', 'SRJ189405', 'Deposit', '2020-08-28', '17:43:00', '5000.0'),
('057407392', 'SRJ189405', 'Deposit', '2020-09-14', '12:58:00', '5000.0'),
('833028001', 'SRJ189405', 'Deposit', '2020-10-20', '17:52:00', '5000.0'),
('111567113', 'SRJ189405', 'Deposit', '2020-11-10', '19:27:00', '5000.0'),
('494036022', 'SRJ189405', 'Deposit', '2020-12-24', '19:16:00', '5000.0'),
('543603009', 'SRJ189405', 'Deposit', '2021-01-23', '15:56:00', '10000.0'),
('305276492', 'SRJ189405', 'Deposit', '2021-02-19', '19:36:00', '10000.0'),
('434134956', 'SRJ189405', 'Deposit', '2021-03-21', '11:47:00', '10000.0'),
('202577402', 'SRJ189405', 'Deposit', '2021-04-15', '18:50:00', '10000.0'),
('496855709', 'SRJ189405', 'Deposit', '2021-05-25', '20:41:00', '10000.0'),
('199736175', 'SRJ189405', 'Deposit', '2021-06-15', '13:19:00', '10000.0'),
('057027472', 'SRJ189405', 'Deposit', '2021-07-13', '10:46:00', '10000.0'),
('256459906', 'SRJ189405', 'Deposit', '2021-08-12', '17:39:00', '10000.0'),
('010427848', 'SRJ189405', 'Deposit', '2021-09-17', '20:17:00', '10000.0'),
('311384585', 'SRJ189405', 'Deposit', '2021-10-24', '19:49:00', '10000.0'),
('985047103', 'SRJ189405', 'Deposit', '2021-11-16', '11:20:00', '10000.0'),
('957616422', 'SRJ189405', 'Deposit', '2021-12-10', '10:40:00', '10000.0'),
('480727544', 'SRJ189405', 'Deposit', '2022-01-16', '13:39:00', '10000.0'),
('535246325', 'SRJ189405', 'Deposit', '2022-02-21', '17:44:00', '10000.0'),
('454319635', 'SRJ189405', 'Deposit', '2022-03-15', '11:26:00', '10000.0'),
('624053898', 'SRJ189405', 'Deposit', '2022-04-17', '14:27:00', '10000.0'),
('104594685', 'SRJ189405', 'Deposit', '2022-05-22', '12:49:00', '10000.0'),
('340037564', 'SRJ189405', 'Deposit', '2022-06-21', '17:57:00', '10000.0'),
('592426362', 'SRJ189405', 'Deposit', '2022-07-18', '15:47:00', '10000.0'),
('574463908', 'SRJ189405', 'Deposit', '2022-08-11', '18:41:00', '10000.0'),
('379263465', 'SRJ189405', 'Deposit', '2022-09-11', '16:25:00', '10000.0'),
('910013936', 'SRJ189405', 'Deposit', '2022-10-14', '19:33:00', '10000.0'),
('691365316', 'SRJ189405', 'Deposit', '2022-11-28', '18:19:00', '10000.0'),
('640601752', 'SRJ189405', 'Deposit', '2022-12-22', '14:52:00', '10000.0'),
('551998412', 'SRJ189405', 'Deposit', '2023-01-21', '11:50:00', '10000.0'),
('887602027', 'SRJ189405', 'Deposit', '2023-02-16', '16:42:00', '10000.0'),
('140067531', 'SRJ189405', 'Deposit', '2023-03-11', '15:51:00', '10000.0'),
('875355617', 'SRJ189405', 'Deposit', '2023-04-12', '20:37:00', '10000.0'),
('820231013', 'SRJ189405', 'Deposit', '2023-05-14', '13:20:00', '10000.0'),
('919344589', 'SRJ189405', 'Deposit', '2023-06-10', '17:50:00', '10000.0'),
('968918272', 'SRJ189405', 'Deposit', '2023-07-21', '20:23:00', '10000.0'),
('692007265', 'SRJ189405', 'Deposit', '2023-08-16', '17:53:00', '10000.0'),
('142991064', 'SRJ189405', 'Deposit', '2023-09-22', '11:30:00', '10000.0'),
('861385761', 'SRJ189405', 'Deposit', '2023-10-23', '11:31:00', '10000.0'),
('577974549', 'SRJ189405', 'Deposit', '2023-11-15', '20:13:00', '10000.0'),
('222879241', 'SRJ189405', 'Deposit', '2023-12-22', '18:34:00', '10000.0'),
('877125996', 'SSM193300', 'Deposit', '2019-01-19', '15:46:00', '10000.0'),
('915487502', 'SSM193300', 'Deposit', '2019-02-22', '18:44:00', '10000.0'),
('248698136', 'SSM193300', 'Deposit', '2019-03-18', '13:41:00', '10000.0'),
('920769093', 'SSM193300', 'Deposit', '2019-04-27', '12:57:00', '10000.0'),
('388521127', 'SSM193300', 'Deposit', '2019-05-10', '17:23:00', '10000.0'),
('189254976', 'SSM193300', 'Deposit', '2019-06-18', '20:44:00', '10000.0'),
('680239007', 'SSM193300', 'Deposit', '2019-07-14', '18:54:00', '10000.0'),
('038813308', 'SSM193300', 'Deposit', '2019-08-15', '14:28:00', '10000.0'),
('884410767', 'SSM193300', 'Deposit', '2019-09-16', '20:29:00', '10000.0'),
('690459572', 'SSM193300', 'Deposit', '2019-10-10', '10:39:00', '10000.0'),
('326496639', 'SSM193300', 'Deposit', '2019-11-14', '15:59:00', '10000.0'),
('067718335', 'SSM193300', 'Deposit', '2019-12-13', '12:20:00', '10000.0'),
('266230669', 'SSM193300', 'Deposit', '2020-01-24', '16:59:00', '10000.0'),
('384156998', 'SSM193300', 'Deposit', '2020-02-17', '12:45:00', '10000.0'),
('152524351', 'SSM193300', 'Deposit', '2020-03-13', '15:25:00', '10000.0'),
('371171503', 'SSM193300', 'Deposit', '2020-04-10', '14:36:00', '10000.0'),
('362017445', 'SSM193300', 'Deposit', '2020-05-28', '16:14:00', '10000.0'),
('267240537', 'SSM193300', 'Deposit', '2020-06-13', '18:15:00', '10000.0'),
('013512276', 'SSM193300', 'Deposit', '2020-07-13', '12:18:00', '10000.0'),
('699485676', 'SSM193300', 'Deposit', '2020-08-24', '10:36:00', '10000.0'),
('636755777', 'SSM193300', 'Deposit', '2020-09-24', '13:39:00', '10000.0'),
('905621510', 'SSM193300', 'Deposit', '2020-10-28', '12:30:00', '10000.0'),
('541216270', 'SSM193300', 'Deposit', '2020-11-17', '18:35:00', '10000.0'),
('666139501', 'SSM193300', 'Deposit', '2020-12-19', '17:37:00', '10000.0'),
('006135771', 'SSM193300', 'Deposit', '2021-01-10', '19:29:00', '10000.0'),
('498840915', 'SSM193300', 'Deposit', '2021-02-28', '19:42:00', '10000.0'),
('528919087', 'SSM193300', 'Deposit', '2021-03-13', '17:27:00', '10000.0'),
('262351861', 'SSM193300', 'Deposit', '2021-04-21', '15:11:00', '10000.0'),
('541054375', 'SSM193300', 'Deposit', '2021-05-21', '13:37:00', '10000.0'),
('139214763', 'SSM193300', 'Deposit', '2021-06-15', '14:46:00', '10000.0'),
('923715903', 'SSM193300', 'Deposit', '2021-07-12', '18:32:00', '10000.0'),
('456581562', 'SSM193300', 'Deposit', '2021-08-27', '12:22:00', '10000.0'),
('601106233', 'SSM193300', 'Deposit', '2021-09-20', '11:56:00', '10000.0'),
('443058597', 'SSM193300', 'Deposit', '2021-10-14', '11:57:00', '10000.0'),
('647788261', 'SSM193300', 'Deposit', '2021-11-19', '14:25:00', '10000.0'),
('693472989', 'SSM193300', 'Deposit', '2021-12-26', '14:10:00', '10000.0'),
('147337184', 'SSM193300', 'Deposit', '2022-01-22', '15:49:00', '5000.0'),
('102455859', 'SSM193300', 'Deposit', '2022-02-27', '11:36:00', '5000.0'),
('388991385', 'SSM193300', 'Deposit', '2022-03-15', '13:29:00', '5000.0'),
('300594527', 'SSM193300', 'Deposit', '2022-04-11', '12:23:00', '5000.0'),
('292964977', 'SSM193300', 'Deposit', '2022-05-13', '18:41:00', '5000.0'),
('326184031', 'SSM193300', 'Deposit', '2022-06-19', '11:52:00', '5000.0'),
('237502237', 'SSM193300', 'Deposit', '2022-07-28', '17:51:00', '5000.0'),
('259489801', 'SSM193300', 'Deposit', '2022-08-16', '15:16:00', '5000.0'),
('867185126', 'SSM193300', 'Deposit', '2022-09-10', '12:38:00', '5000.0'),
('232864702', 'SSM193300', 'Deposit', '2022-10-18', '13:11:00', '5000.0'),
('221621871', 'SSM193300', 'Deposit', '2022-11-18', '14:13:00', '5000.0'),
('999406418', 'SSM193300', 'Deposit', '2022-12-12', '14:44:00', '5000.0'),
('292585677', 'SSM193300', 'Deposit', '2023-01-20', '19:37:00', '5000.0'),
('978153431', 'SSM193300', 'Deposit', '2023-02-13', '11:49:00', '5000.0'),
('225322207', 'SSM193300', 'Deposit', '2023-03-12', '12:27:00', '5000.0'),
('659719879', 'SSM193300', 'Deposit', '2023-04-28', '14:55:00', '5000.0'),
('669630264', 'SSM193300', 'Deposit', '2023-05-28', '20:42:00', '5000.0'),
('449729195', 'SSM193300', 'Deposit', '2023-06-23', '20:59:00', '5000.0'),
('585242042', 'SSM193300', 'Deposit', '2023-07-20', '12:47:00', '5000.0'),
('366023376', 'SSM193300', 'Deposit', '2023-08-12', '10:40:00', '5000.0'),
('853870444', 'SSM193300', 'Deposit', '2023-09-27', '19:44:00', '5000.0'),
('427253718', 'SSM193300', 'Deposit', '2023-10-16', '19:44:00', '5000.0'),
('587870166', 'SSM193300', 'Deposit', '2023-11-24', '18:51:00', '5000.0'),
('293818383', 'SSM193300', 'Deposit', '2023-12-19', '10:20:00', '5000.0'),
('797899253', 'SSO239698', 'Deposit', '2023-01-28', '12:59:00', '10000.0'),
('476056665', 'SSO239698', 'Deposit', '2023-02-12', '10:59:00', '10000.0'),
('567518075', 'SSO239698', 'Deposit', '2023-03-25', '14:39:00', '10000.0'),
('976471320', 'SSO239698', 'Deposit', '2023-04-14', '17:25:00', '10000.0'),
('567519224', 'SSO239698', 'Deposit', '2023-05-22', '19:17:00', '10000.0'),
('373968057', 'SSO239698', 'Deposit', '2023-06-14', '13:59:00', '10000.0'),
('303239652', 'SSO239698', 'Deposit', '2023-07-18', '19:57:00', '10000.0'),
('094528995', 'SSO239698', 'Deposit', '2023-08-14', '12:41:00', '10000.0'),
('393084210', 'SSO239698', 'Deposit', '2023-09-20', '17:39:00', '10000.0'),
('663700179', 'SSO239698', 'Deposit', '2023-10-16', '13:56:00', '10000.0'),
('456779213', 'SSO239698', 'Deposit', '2023-11-27', '11:26:00', '10000.0'),
('112097587', 'SSO239698', 'Deposit', '2023-12-12', '15:36:00', '10000.0'),
('333645167', 'SWB236329', 'Deposit', '2023-01-17', '15:38:00', '5000.0'),
('115387388', 'SWB236329', 'Deposit', '2023-02-25', '17:19:00', '5000.0'),
('526902340', 'SWB236329', 'Deposit', '2023-03-17', '13:29:00', '5000.0'),
('309177620', 'SWB236329', 'Deposit', '2023-04-10', '18:17:00', '5000.0'),
('409260147', 'SWB236329', 'Deposit', '2023-05-16', '12:16:00', '5000.0'),
('610852197', 'SWB236329', 'Deposit', '2023-06-14', '13:18:00', '5000.0'),
('655741176', 'SWB236329', 'Deposit', '2023-07-23', '12:12:00', '5000.0'),
('871030189', 'SWB236329', 'Deposit', '2023-08-11', '18:44:00', '5000.0'),
('515201533', 'SWB236329', 'Deposit', '2023-09-20', '16:59:00', '5000.0'),
('261397521', 'SWB236329', 'Deposit', '2023-10-19', '14:46:00', '5000.0'),
('865696774', 'SWB236329', 'Deposit', '2023-11-26', '18:31:00', '5000.0'),
('992446500', 'SWB236329', 'Deposit', '2023-12-23', '15:23:00', '5000.0'),
('833033212', 'SAM221652', 'Withdraw', '2022-07-12', '13:49:00', '30000.0'),
('558181790', 'SAM221652', 'Withdraw', '2023-10-15', '10:20:00', '10000.0'),
('305104492', 'SBW160271', 'Withdraw', '2016-05-21', '11:17:00', '10000.0'),
('219780696', 'SBW160271', 'Withdraw', '2017-01-17', '17:22:00', '30000.0'),
('612495570', 'SBW160271', 'Withdraw', '2017-10-27', '15:48:00', '10000.0'),
('347172538', 'SBW160271', 'Withdraw', '2018-03-18', '17:44:00', '20000.0'),
('601674413', 'SBW160271', 'Withdraw', '2018-11-13', '20:11:00', '10000.0'),
('347107478', 'SBW160271', 'Withdraw', '2018-06-22', '15:56:00', '20000.0'),
('462896103', 'SBW160271', 'Withdraw', '2019-04-28', '15:16:00', '5000.0'),
('587640939', 'SBW160271', 'Withdraw', '2019-10-17', '10:35:00', '20000.0'),
('750614484', 'SBW160271', 'Withdraw', '2019-11-14', '17:31:00', '20000.0'),
('504297973', 'SBW160271', 'Withdraw', '2020-09-11', '14:16:00', '20000.0'),
('208987272', 'SBW160271', 'Withdraw', '2020-09-18', '18:26:00', '5000.0'),
('519099992', 'SBW160271', 'Withdraw', '2021-07-11', '15:47:00', '5000.0'),
('924612055', 'SBW160271', 'Withdraw', '2021-01-12', '11:40:00', '30000.0'),
('832803013', 'SBW160271', 'Withdraw', '2022-01-15', '17:25:00', '5000.0'),
('046844467', 'SBW160271', 'Withdraw', '2022-08-19', '20:45:00', '10000.0'),
('572003610', 'SBW160271', 'Withdraw', '2023-02-10', '10:33:00', '30000.0'),
('820565984', 'SBW160271', 'Withdraw', '2023-09-16', '10:31:00', '10000.0'),
('281963958', 'SDT190020', 'Withdraw', '2019-09-18', '12:16:00', '5000.0'),
('982859959', 'SDT190020', 'Withdraw', '2020-07-26', '17:14:00', '5000.0'),
('989513653', 'SDT190020', 'Withdraw', '2020-07-11', '10:52:00', '30000.0'),
('488799750', 'SDT190020', 'Withdraw', '2020-10-19', '17:23:00', '30000.0'),
('872065928', 'SDT190020', 'Withdraw', '2021-05-28', '20:49:00', '5000.0'),
('804509682', 'SDT190020', 'Withdraw', '2022-02-16', '16:23:00', '10000.0'),
('636440742', 'SDT190020', 'Withdraw', '2023-10-16', '14:55:00', '5000.0'),
('943146115', 'SED172957', 'Withdraw', '2017-02-15', '12:49:00', '10000.0'),
('092079112', 'SED172957', 'Withdraw', '2017-12-19', '12:29:00', '5000.0'),
('562221526', 'SED172957', 'Withdraw', '2018-09-23', '15:13:00', '30000.0'),
('533737472', 'SED172957', 'Withdraw', '2019-08-10', '15:56:00', '20000.0'),
('864598231', 'SED172957', 'Withdraw', '2019-05-20', '12:52:00', '5000.0'),
('346548379', 'SED172957', 'Withdraw', '2019-07-20', '15:29:00', '20000.0'),
('037032528', 'SED172957', 'Withdraw', '2020-09-21', '11:14:00', '5000.0'),
('342578647', 'SED172957', 'Withdraw', '2021-01-13', '10:42:00', '5000.0'),
('971572760', 'SED172957', 'Withdraw', '2021-03-22', '15:28:00', '10000.0'),
('703007226', 'SED172957', 'Withdraw', '2022-02-24', '19:37:00', '10000.0'),
('753428594', 'SED172957', 'Withdraw', '2022-12-12', '12:19:00', '5000.0'),
('468975319', 'SED172957', 'Withdraw', '2022-04-10', '10:42:00', '10000.0'),
('359812182', 'SED172957', 'Withdraw', '2023-01-18', '19:41:00', '20000.0'),
('830958049', 'SED172957', 'Withdraw', '2023-01-25', '18:47:00', '30000.0'),
('633082026', 'SEM233884', 'Withdraw', '2023-12-13', '15:54:00', '10000.0'),
('343846329', 'SES230946', 'Withdraw', '2023-07-12', '16:22:00', '10000.0'),
('071673675', 'SES230946', 'Withdraw', '2023-01-18', '10:20:00', '20000.0'),
('510555356', 'SES230946', 'Withdraw', '2023-07-10', '12:32:00', '5000.0'),
('418227345', 'SGC234379', 'Withdraw', '2023-05-11', '15:21:00', '30000.0'),
('534028346', 'SHS169127', 'Withdraw', '2016-04-19', '11:18:00', '20000.0'),
('797676087', 'SHS169127', 'Withdraw', '2017-09-18', '13:14:00', '20000.0'),
('579984325', 'SHS169127', 'Withdraw', '2018-06-16', '15:28:00', '10000.0'),
('096308910', 'SHS169127', 'Withdraw', '2018-08-11', '15:55:00', '20000.0'),
('138981925', 'SHS169127', 'Withdraw', '2018-04-15', '20:34:00', '30000.0'),
('825718111', 'SHS169127', 'Withdraw', '2019-06-21', '13:46:00', '10000.0'),
('081969876', 'SHS169127', 'Withdraw', '2019-01-13', '14:37:00', '5000.0'),
('338220732', 'SHS169127', 'Withdraw', '2019-05-11', '18:12:00', '20000.0'),
('628919268', 'SHS169127', 'Withdraw', '2020-07-21', '11:36:00', '5000.0'),
('971237575', 'SHS169127', 'Withdraw', '2020-05-25', '10:44:00', '10000.0'),
('962621597', 'SHS169127', 'Withdraw', '2020-04-14', '19:22:00', '20000.0'),
('402646792', 'SHS169127', 'Withdraw', '2021-02-28', '14:33:00', '30000.0'),
('811528320', 'SHS169127', 'Withdraw', '2022-09-17', '12:49:00', '20000.0'),
('919590404', 'SHS169127', 'Withdraw', '2022-12-23', '16:15:00', '10000.0'),
('265697286', 'SHS169127', 'Withdraw', '2022-08-12', '15:32:00', '5000.0'),
('371752734', 'SHS169127', 'Withdraw', '2023-04-25', '15:59:00', '20000.0'),
('368634677', 'SIT170594', 'Withdraw', '2017-08-28', '10:54:00', '30000.0'),
('299947221', 'SIT170594', 'Withdraw', '2017-06-11', '14:23:00', '10000.0'),
('252500034', 'SIT170594', 'Withdraw', '2018-05-16', '19:27:00', '20000.0'),
('230716975', 'SIT170594', 'Withdraw', '2019-01-24', '16:23:00', '5000.0'),
('640784946', 'SIT170594', 'Withdraw', '2019-10-13', '12:22:00', '30000.0'),
('082484861', 'SIT170594', 'Withdraw', '2020-03-18', '20:47:00', '10000.0'),
('031211402', 'SIT170594', 'Withdraw', '2020-01-27', '16:49:00', '5000.0'),
('074662562', 'SIT170594', 'Withdraw', '2021-02-19', '15:57:00', '10000.0'),
('591761674', 'SIT170594', 'Withdraw', '2022-04-15', '10:14:00', '10000.0'),
('428753258', 'SIT170594', 'Withdraw', '2022-07-12', '15:21:00', '5000.0'),
('111215434', 'SIT170594', 'Withdraw', '2023-06-25', '14:57:00', '5000.0'),
('594964792', 'SJD173807', 'Withdraw', '2017-06-15', '20:48:00', '5000.0'),
('120568545', 'SJD173807', 'Withdraw', '2017-10-19', '10:59:00', '5000.0'),
('753388219', 'SJD173807', 'Withdraw', '2017-11-22', '12:22:00', '10000.0'),
('510093099', 'SJD173807', 'Withdraw', '2018-02-24', '18:31:00', '10000.0'),
('720875808', 'SJD173807', 'Withdraw', '2018-05-15', '19:38:00', '5000.0'),
('441483465', 'SJD173807', 'Withdraw', '2019-10-27', '14:37:00', '20000.0'),
('876455481', 'SJD173807', 'Withdraw', '2019-06-19', '18:36:00', '20000.0'),
('103843348', 'SJD173807', 'Withdraw', '2020-08-24', '10:19:00', '5000.0'),
('213800482', 'SJD173807', 'Withdraw', '2020-03-27', '15:43:00', '5000.0'),
('650387283', 'SJD173807', 'Withdraw', '2021-03-27', '14:48:00', '30000.0'),
('543163909', 'SJD173807', 'Withdraw', '2022-09-16', '19:14:00', '10000.0'),
('771536028', 'SJD173807', 'Withdraw', '2022-11-22', '15:19:00', '20000.0'),
('620780133', 'SJD173807', 'Withdraw', '2022-05-16', '12:21:00', '20000.0'),
('319913425', 'SJD173807', 'Withdraw', '2023-01-14', '15:58:00', '5000.0'),
('347494680', 'SJD173807', 'Withdraw', '2023-12-17', '10:26:00', '30000.0'),
('774120186', 'SJJ190298', 'Withdraw', '2019-07-12', '14:29:00', '20000.0'),
('512422017', 'SJJ190298', 'Withdraw', '2020-09-13', '18:25:00', '20000.0'),
('232422698', 'SJJ190298', 'Withdraw', '2021-01-10', '17:28:00', '10000.0'),
('594632853', 'SJJ190298', 'Withdraw', '2022-10-16', '12:59:00', '30000.0'),
('840208873', 'SJJ190298', 'Withdraw', '2022-01-12', '12:38:00', '20000.0'),
('742300151', 'SJJ190298', 'Withdraw', '2022-07-25', '16:23:00', '5000.0'),
('923708994', 'SJJ190298', 'Withdraw', '2023-10-13', '19:52:00', '10000.0'),
('043276207', 'SJJ190298', 'Withdraw', '2023-05-11', '13:25:00', '5000.0'),
('183048012', 'SJJ190298', 'Withdraw', '2023-11-21', '16:18:00', '5000.0'),
('450539023', 'SJS160034', 'Withdraw', '2016-12-26', '19:36:00', '20000.0'),
('756027101', 'SJS160034', 'Withdraw', '2017-06-16', '15:14:00', '30000.0'),
('388034667', 'SJS160034', 'Withdraw', '2017-08-25', '20:28:00', '20000.0'),
('028655791', 'SJS160034', 'Withdraw', '2018-02-24', '10:19:00', '30000.0'),
('578498863', 'SJS160034', 'Withdraw', '2019-12-15', '19:26:00', '10000.0'),
('994010537', 'SJS160034', 'Withdraw', '2020-07-11', '16:48:00', '5000.0'),
('849414701', 'SJS160034', 'Withdraw', '2021-09-17', '13:39:00', '5000.0'),
('710691178', 'SJS160034', 'Withdraw', '2022-04-16', '12:31:00', '20000.0'),
('042301238', 'SJS160034', 'Withdraw', '2022-10-24', '12:29:00', '5000.0'),
('250900017', 'SJS160034', 'Withdraw', '2023-09-21', '20:26:00', '30000.0'),
('167749140', 'SJS160034', 'Withdraw', '2023-04-20', '17:50:00', '20000.0'),
('533998976', 'SJS160034', 'Withdraw', '2023-12-25', '13:40:00', '20000.0'),
('985365763', 'SLR232687', 'Withdraw', '2023-12-28', '16:59:00', '30000.0'),
('365948428', 'SLR232687', 'Withdraw', '2023-08-19', '19:41:00', '20000.0'),
('146290754', 'SMG188666', 'Withdraw', '2018-07-22', '18:49:00', '30000.0'),
('341020911', 'SMG188666', 'Withdraw', '2018-06-24', '19:26:00', '30000.0'),
('997957421', 'SMG188666', 'Withdraw', '2018-08-24', '17:51:00', '10000.0'),
('278219584', 'SMG188666', 'Withdraw', '2019-05-27', '17:22:00', '20000.0'),
('156262950', 'SMG188666', 'Withdraw', '2020-11-19', '13:16:00', '5000.0'),
('931833237', 'SMG188666', 'Withdraw', '2021-01-14', '10:10:00', '30000.0'),
('165372079', 'SMG188666', 'Withdraw', '2022-02-22', '12:36:00', '20000.0'),
('458900319', 'SMG188666', 'Withdraw', '2023-09-21', '11:17:00', '30000.0'),
('638845291', 'SMW183317', 'Withdraw', '2018-09-14', '16:56:00', '30000.0'),
('094567064', 'SMW183317', 'Withdraw', '2018-04-28', '12:18:00', '30000.0'),
('525819688', 'SMW183317', 'Withdraw', '2018-06-24', '15:58:00', '10000.0'),
('933799945', 'SMW183317', 'Withdraw', '2019-02-13', '10:30:00', '20000.0'),
('115480424', 'SMW183317', 'Withdraw', '2019-04-25', '12:18:00', '20000.0'),
('987992480', 'SMW183317', 'Withdraw', '2020-06-20', '13:51:00', '30000.0'),
('995417644', 'SMW183317', 'Withdraw', '2021-11-13', '16:16:00', '20000.0'),
('677677131', 'SMW183317', 'Withdraw', '2021-12-15', '10:45:00', '30000.0'),
('791075994', 'SMW183317', 'Withdraw', '2021-04-15', '14:15:00', '20000.0'),
('086619439', 'SMW183317', 'Withdraw', '2022-11-18', '12:30:00', '30000.0'),
('077757038', 'SMW183317', 'Withdraw', '2022-08-24', '11:17:00', '20000.0'),
('403037663', 'SMW183317', 'Withdraw', '2023-04-13', '19:45:00', '30000.0'),
('595703660', 'SMW183317', 'Withdraw', '2023-04-23', '14:21:00', '20000.0'),
('174369099', 'SOA230845', 'Withdraw', '2023-11-26', '15:47:00', '10000.0'),
('436601312', 'SRJ189405', 'Withdraw', '2018-03-28', '11:45:00', '20000.0'),
('826300982', 'SRJ189405', 'Withdraw', '2019-05-14', '14:58:00', '20000.0'),
('980429903', 'SRJ189405', 'Withdraw', '2020-02-20', '19:58:00', '10000.0'),
('183358574', 'SRJ189405', 'Withdraw', '2020-04-10', '13:59:00', '30000.0'),
('330769636', 'SRJ189405', 'Withdraw', '2021-11-25', '17:58:00', '5000.0'),
('289010597', 'SRJ189405', 'Withdraw', '2022-08-14', '10:55:00', '20000.0'),
('744926855', 'SRJ189405', 'Withdraw', '2022-08-27', '11:11:00', '10000.0'),
('435355438', 'SRJ189405', 'Withdraw', '2022-10-13', '11:24:00', '5000.0'),
('539704052', 'SRJ189405', 'Withdraw', '2023-10-16', '18:46:00', '30000.0'),
('785923093', 'SRJ189405', 'Withdraw', '2023-03-10', '20:16:00', '10000.0'),
('492537302', 'SRJ189405', 'Withdraw', '2023-10-21', '13:17:00', '20000.0'),
('554953862', 'SSM193300', 'Withdraw', '2019-06-11', '15:32:00', '20000.0'),
('699167585', 'SSM193300', 'Withdraw', '2020-04-15', '11:31:00', '30000.0'),
('918614811', 'SSM193300', 'Withdraw', '2020-05-12', '11:41:00', '30000.0'),
('743919013', 'SSM193300', 'Withdraw', '2021-06-25', '15:11:00', '30000.0'),
('434472615', 'SSM193300', 'Withdraw', '2021-05-28', '10:28:00', '30000.0'),
('344774660', 'SSM193300', 'Withdraw', '2022-03-24', '18:57:00', '10000.0'),
('216626914', 'SSM193300', 'Withdraw', '2023-10-21', '10:52:00', '30000.0'),
('133761037', 'SSM193300', 'Withdraw', '2023-01-26', '15:14:00', '20000.0'),
('881628550', 'SSM193300', 'Withdraw', '2023-03-20', '16:35:00', '20000.0'),
('399761557', 'SSO239698', 'Withdraw', '2023-07-15', '16:30:00', '5000.0'),
('420476652', 'SWB236329', 'Withdraw', '2023-10-25', '10:25:00', '20000.0');

INSERT INTO LoanRecords(Loan_ID, Request_ID, Loan_TotalAmount, Loan_Date, Loan_Time, Loan_Deadline)
VALUES
('LJS232195', 'JS2023205', '50000', '2023-11-15', '12:37:00', '2028-09-16'),
('LJD224838', 'JD2022564', '50000', '2022-04-20', '16:22:00', '2027-01-10'),
('LRJ200172', 'RJ2020714', '50000', '2020-05-27', '13:57:00', '2025-11-27'),
('LED194363', 'ED2019073', '50000', '2019-07-12', '12:39:00', '2024-09-11'),
('LMW228412', 'MW2022476', '50000', '2022-07-19', '19:58:00', '2027-04-18'),
('LSM192588', 'SM2019062', '50000', '2019-01-19', '11:14:00', '2024-09-18'),
('LDT229246', 'DT2022046', '50000', '2022-03-19', '18:56:00', '2027-11-23'),
('LOA230636', 'OA2023387', '50000', '2023-10-27', '16:33:00', '2028-08-27'),
('LWB236577', 'WB2023037', '50000', '2023-06-27', '11:39:00', '2028-02-25'),
('LAM225512', 'AM2022879', '50000', '2022-01-18', '11:49:00', '2027-03-19'),
('LIT173910', 'IT2017471', '50000', '2017-07-27', '11:47:00', '2022-09-20'),
('LES235958', 'ES2023237', '50000', '2023-08-28', '14:14:00', '2028-10-10'),
('LLR237944', 'LR2023268', '50000', '2023-05-12', '18:34:00', '2028-01-15'),
('LGC232743', 'GC2023811', '50000', '2023-10-25', '13:24:00', '2028-07-28'),
('LEM235854', 'EM2023772', '50000', '2023-07-14', '19:44:00', '2028-03-15'),
('LHS179619', 'HS2017391', '50000', '2017-10-14', '10:16:00', '2022-12-17'),
('LBW231678', 'BW2023370', '50000', '2023-10-19', '15:47:00', '2028-04-24'),
('LMG198429', 'MG2019020', '50000', '2019-03-13', '20:28:00', '2024-02-26'),
('LSO232443', 'SO2023760', '50000', '2023-11-14', '11:32:00', '2028-07-22'),
('LJJ196833', 'JJ2019228', '50000', '2019-05-24', '16:48:00', '2024-12-27');

INSERT INTO CL_Transaction(CLTransaction_ID, Loan_ID, Transaction_Type, Transaction_Date, Transaction_Time, Amount)
VALUES
('123456789', 'LJS232195', 'Payment', '2024-01-02', '10:20:00', '50000'),
('234567891', 'LJD224838', 'Payment', '2023-06-23', '02:37:52', '9580'),
('345678912', 'LRJ200172', 'Payment', '2022-01-27', '11:34:29', '10000'),
('456789123', 'LED194363', 'Payment', '2021-01-20', '05:11:43', '11050'),
('567891234', 'LMW228412', 'Payment', '2023-09-07', '09:42:23', '12000'),
('678912345', 'LSM192588', 'Payment', '2021-09-17', '08:49:35', '15000'),
('789123456', 'LDT229246', 'Payment', '2022-05-19', '07:51:49', '10000'),
('891234567', 'LOA230636', 'Payment', '2022-06-08', '03:25:03', '5000'),
('912345678', 'LWB236577', 'Payment', '2023-07-19', '12:59:59', '8500'),
('123456780', 'LAM225512', 'Payment', '2021-01-02', '01:42:39', '15500'),
('123456709', 'LIT173910', 'Payment', '2023-05-11', '02:30:28', '8000'),
('123456089', 'LES235958', 'Payment', '2021-12-01', '03:46:16', '10000'),
('123450789', 'LLR237944', 'Payment', '2022-11-03', '06:50:05', '9500'),
('123406789', 'LGC232743', 'Payment', '2022-08-21', '04:58:23', '5800'),
('123406799', 'LEM235854', 'Payment', '2023-10-24', '07:42:16', '10500'),
('123056789', 'LHS179619', 'Payment', '2023-12-30', '05:06:26', '20000'),
('120456789', 'LBW231678', 'Payment', '2021-02-14', '08:54:12', '16000'),
('103456789', 'LMG198429', 'Payment', '2022-10-30', '09:27:59', '7600'),
('123456788', 'LSO232443', 'Payment', '2024-01-09', '07:34:20', '8000'),
('123456787', 'LJJ196833', 'Payment', '2023-12-05', '02:16:48', '5000');
