create table if not exists Shift (
    Shift_ID varchar(255) not null,
    Shift_StartTime time not null,
    Shift_EndTime time not null,
    primary key (Shift_ID)
);

create table if not exists Employee (
    Employee_ID int not null,
    Employee_FirstName varchar(255) not null,
    Employee_MiddleName varchar(255),
    Employee_LastName varchar(255),
    Employee_DateOfHire date,
    Employee_ReportsTo int,
    primary key (Employee_ID),
    foreign key (Employee_ReportsTo) references employee (Employee_ID) on update cascade on delete set null
);

create table if not exists Job (
    Job_ID int not null,
    Job_AcquisitionDate date not null,
    Job_Position varchar(255) not null,
    Job_Department varchar(255) not null,
    Employee_Status varchar(255) not null,
    Employee_Shift varchar(255) not null,
    Employee_ID int not null,
    primary key (Job_ID),
    foreign key (Employee_ID) references employee (Employee_ID) on update cascade on delete cascade,
    foreign key (Employee_Shift) references shift (Shift_ID) on update cascade
);

create table if not exists Timesheet (
    Timesheet_ID int not null,
    Timesheet_TimeIn datetime not null,
    Timesheet_TimeOut datetime,
    Employee_ID int not null,
    primary key (Timesheet_ID),
    foreign key (Employee_ID) references employee (Employee_ID) on update cascade on delete cascade
);

create table if not exists Health_Exam (
    HE_ID int not null ,
    HE_Date datetime not null,
    HE_Height decimal(5,2) not null,
    HE_Weight decimal(5,2) not null,
    HE_BloodType varchar(255) not null,
    HE_EyeColor varchar(255) not null,
    HE_DoctorName varchar(255) not null,
    HE_Assessment varchar(255) not null,
    Employee_ID int not null,
    primary key (HE_ID),
    foreign key (Employee_ID) references employee (Employee_ID) on update cascade on delete cascade
);

create table if not exists PDS(
    Employee_ID int not null,
    Employee_Email varchar(255) not null,
    Employee_Password varchar(255) not null,
    Employee_Address varchar(255) not null,
    Employee_ContactNumber varchar(255) not null,
    Employee_DateOfBirth date not null,
    Employee_PlaceOfBirth varchar(255) not null,
    Employee_Sex char(1) not null,
    Employee_CivilStatus varchar(255) not null,
    Employee_Citizenship varchar(255) not null,
    Employee_HighestLevelOfEducation varchar(255) not null,
    Employee_School varchar(255) not null,
    Employee_YearGraduated year not null,
    Employee_PhilHealthID varchar(255) not null,
    Employee_SSSID varchar(255) not null,
    Employee_PagIBIGID varchar(255),
    Emergency_ContactName varchar(255) not null,
    Emergency_ContactRelationship varchar(255) not null,
    Emergency_ContactNumber varchar(255) not null,
    primary key (Employee_ID),
    foreign key (Employee_ID) references employee (Employee_ID) on update cascade on delete cascade
);

INSERT INTO Shift (Shift_ID, Shift_StartTime, Shift_EndTime) VALUES 
('Day', '07:00:00', '19:00:00'),
('Night', '19:00:00', '7:00:00');

INSERT INTO Employee (Employee_ID, Employee_FirstName, Employee_MiddleName, Employee_LastName, Employee_DateOfHire, Employee_ReportsTo) VALUES 
(20160001, 'John', 'Doe', 'Smith', '2016-11-12', NULL),
(20170004, 'Jane', 'Elizabeth', 'Doe', '2017-09-08', 20160001),
(20180006, 'Robert', 'Albert', 'Johnson', '2018-12-22', 20160001),
(20170056, 'Emily', null, 'Davis', '2017-03-04', 20160001),
(20180025, 'Michael', 'David', 'Williams', '2018-09-04', 20170056),
(20190013, 'Sophia', null, 'Miller', '2019-05-01', 20160001),
(20190014, 'David', 'Elliott', 'Taylor', '2019-07-09', 20190013),
(20230007, 'Olivia', null, 'Anderson', '2023-02-16', 20170004),
(20230012, 'William', 'Federson', 'Brown', '2023-01-09', 20170004),
(20220001, 'Ava', null, 'Martin', '2022-03-18', 20170004),
(20170007, 'Isaac', null, 'Thompson', '2017-11-03', 20160001),
(20230008, 'Emma', 'Rose', 'Sanchez', '2023-05-07', 20170007),
(20230009, 'Liam', 'Michael', 'Ramirez', '2023-02-25', 20170007),
(20230010, 'Grace', null, 'Cruz', '2023-11-15', 20170007),
(20230011, 'Ethan', null, 'Martinez', '2023-11-09', 20170007),
(20160002, 'Hector', 'Cruz', 'Salamanca', '2016-08-09', 20160001),
(20160076, 'Brian', null, 'Walter', '2016-05-31', 20160002),
(20180004, 'Mary', 'Ann', 'Grace', '2018-06-27', 20160001),
(20230021, 'Stephanie', 'Santiago', 'Olivarez', '2023-04-20', 20180004),
(20190011, 'Jessie', null, 'James', '2019-05-11', 20180004);

INSERT INTO Job (Job_ID, Job_AcquisitionDate, Employee_ID, Job_Position, Job_Department, Employee_Status, Employee_Shift) VALUES 
(51200887, '2016-10-28', 20160001, 'CEO', 'HR', 'Full-Time', 'Day'),
(78423543, '2017-01-01', 20170004, 'Project Manager', 'IT', 'Full-Time', 'Day'),
(19963104, '2018-08-12', 20180006, 'Administrative Officer', 'HR', 'Full-Time', 'Day'),
(40863581, '2017-08-31', 20170056, 'Cooperative Head', 'Cooperative', 'Full-Time', 'Night'),
(68728886, '2018-06-11', 20180025, 'Cooperative Staff', 'Cooperative', 'Full-Time', 'Day'),
(34317481, '2019-11-23', 20190013, 'Maintenance Head', 'Utility', 'Full-Time', 'Day'),
(07269592, '2019-12-20', 20190014, 'Maintenance Staff', 'Utility', 'Part-Time', 'Night'),
(41942484, '2023-03-14', 20230007, 'Application Developer', 'Development', 'Full-Time', 'Night'),
(19885110, '2023-05-11', 20230012, 'Application Developer', 'Development', 'Full-Time', 'Day'),
(87123660, '2022-06-03', 20220001, 'Application Developer', 'Development', 'Trainee', 'Day'),
(82125035, '2023-02-01', 20170007, 'Bootcamp Manager', 'Bootcamp/ Academy', 'Full-Time', 'Day'),
(19147215, '2023-02-04', 20230008, 'Instructor', 'Bootcamp/ Academy', 'Full-Time', 'Day'),
(21837711, '2023-02-07', 20230009, 'Instructor', 'Bootcamp/ Academy', 'Full-Time', 'Day'),
(28967123, '2023-02-07', 20230010, 'Instructor', 'Bootcamp/ Academy', 'Part-Time', 'Day'),
(83798636, '2023-02-09', 20230011, 'Instructor', 'Bootcamp/ Academy', 'Part-Time', 'Night'),
(53582724, '2016-04-28', 20160002, 'Marketing Head', 'Marketing and Customer Acquisition', 'Full-Time', 'Day'),
(26570116, '2016-01-04', 20160076, 'Marketing Staff', 'Marketing and Customer Acquisition', 'Full-Time', 'Day'),
(35182732, '2018-12-01', 20180004, 'SI Head', 'Supplies and Inventory', 'Full-Time', 'Day'),
(54201129, '2023-08-10', 20230021, 'SI Staff', 'Supplies and Inventory', 'Part-Time', 'Day'),
(98895953, '2019-06-23', 20190011, 'SI Staff', 'Supplies and Inventory', 'Full-Time', 'Day');

INSERT INTO Health_Exam (HE_ID, Employee_ID, HE_Date, HE_Height, HE_Weight, HE_BloodType, HE_EyeColor, HE_DoctorName, HE_Assessment) VALUES 
(66155257, 20160001, '2023-11-10 08:00:00', '170.5', '70.2', 'AB-', 'Black', 'Dr. Smith', 'Fit for work'),
(70186478, 20170004, '2023-11-11 12:22:00', '165.7', '55.8', 'A', 'Brown', 'Dr. Smith', 'Fit for work'),
(25586684, 20180006, '2023-11-12 08:00:00', '170.5', '75.5', 'A+', 'Black', 'Dr. Smith', 'Fit for work'),
(98947852, 20170056, '2023-11-13 08:00:00', '180.2', '48.6', 'O-', 'Blue', 'Dr. Smith', 'Fit for work'),
(11683435, 20180025, '2023-11-14 08:00:00', '170.9', '68.3', 'AB+', 'Brown', 'Dr. Smith', 'Fit for work'),
(70728188, 20190013, '2023-11-15 08:00:00', '168.4', '60', 'B-', 'Black', 'Dr. Smith', 'Fit for work'),
(55914384, 20190014, '2023-11-16 08:00:00', '166.9', '50.7', 'A-', 'Black', 'Dr. Smith', 'Fit for work'),
(96953777, 20230007, '2023-11-17 08:00:00', '173.4', '80.1', 'O+', 'Black', 'Dr. Smith', 'Fit for work'),
(67746624, 20230012, '2023-12-18 08:00:00', '169.1', '72.8', 'B+', 'Brown', 'Dr. Smith', 'Fit for work'),
(60418665, 20220001, '2023-12-18 07:30:00', '168.7', '71.5', 'B', 'Green', 'Dr. Smith', 'Fit for work'),
(51693089, 20170007, '2023-12-19 07:30:00', '155.1', '65.3', 'A-', 'Black', 'Dr. Smith', 'Fit for work'),
(66054839, 20230008, '2023-12-20 08:12:00', '140.5', '68.2', 'A+', 'Black', 'Dr. Smith', 'Fit for work'),
(82098649, 20230009, '2023-12-21 07:45:00', '167.3', '55.9', 'AB+', 'Blue', 'Dr. Smith', 'Fit for work'),
(43603754, 20230010, '2023-12-22 08:30:00', '136.0', '52.3', 'O+', 'Brown', 'Dr. Smith', 'Fit for work'),
(41773374, 20230011, '2023-12-23 08:12:00', '173.0', '63', 'B-', 'Brown', 'Dr. Smith', 'Fit for work'),
(10867782, 20160002, '2023-12-24 08:18:00', '170.2', '72', 'O-', 'Black', 'Dr. Smith', 'Fit for work'),
(27039749, 20160076, '2023-12-25 07:55:00', '173.8', '79.3', 'A', 'Brown', 'Dr. Smith', 'Fit for work'),
(38632862, 20180004, '2023-12-26 08:03:00', '145.3', '58.2', 'B-', 'Black', 'Dr. Smith', 'Fit for work'),
(58341312, 20230021, '2023-12-27 08:35:00', '152.3', '60.1', 'AB', 'Black', 'Dr. Smith', 'Fit for work'),
(72127402, 20190011, '2023-12-28 07:52:00', '149.9', '57.3', 'A+', 'Black', 'Dr. Smith', 'Fit for work');

INSERT INTO Timesheet (Timesheet_ID, Employee_ID, Timesheet_TimeIn, Timesheet_TimeOut) VALUES 
(361437, 20160001, '2023-11-11 07:00:42', '2023-11-11 19:05:23'),
(184858, 20170004, '2023-11-11 07:01:23', '2023-11-11 19:06:38'),
(490946, 20180006, '2023-11-11 07:49:01', '2023-11-11 20:30:04'),
(741305, 20170056, '2023-11-11 19:02:41', '2023-11-12 07:03:42'),
(815710, 20180025, '2023-11-12 07:30:32', '2023-11-12 21:10:03'),
(917880, 20190013, '2023-11-12 07:21:22', '2023-11-12 19:00:56'),
(443171, 20190014, '2023-11-12 20:02:21', '2023-11-13 08:05:12'),
(679543, 20230007, '2023-11-12 19:45:21', '2023-11-13 07:30:20'),
(935630, 20230012, '2023-11-13 08:57:03', '2023-11-13 21:30:32'),
(295952, 20220001, '2023-11-13 07:45:10', '2023-11-13 19:05:34'),
(769788, 20170007, '2023-11-13 06:30:21', '2023-11-13 20:10:04'),
(337403, 20230008, '2023-11-13 07:41:20', '2023-11-13 19:03:41'),
(827690, 20230009, '2023-11-13 09:00:23', '2023-11-13 21:00:56'),
(373417, 20230010, '2023-11-13 07:30:21', '2023-11-13 20:20:11'),
(926789, 20230011, '2023-11-13 18:30:21', '2023-11-14 06:28:21'),
(335631, 20160002, '2023-11-14 06:58:49', '2023-11-14 17:48:09'),
(767872, 20160076, '2023-11-14 07:21:20', '2023-11-14 19:57:41'),
(959622, 20180004, '2023-11-14 09:02:12', '2023-11-14 20:05:21'),
(685387, 20230021, '2023-11-14 07:01:05', '2023-11-14 19:00:49'),
(430567, 20190011, '2023-11-14 06:59:03', '2023-11-14 19:01:11');

INSERT INTO PDS (Employee_ID, Employee_Email, Employee_Password, Employee_Address, Employee_ContactNumber, Employee_DateOfBirth, Employee_PlaceOfBirth, Employee_Sex, Employee_CivilStatus, Employee_Citizenship, Employee_HighestLevelOfEducation, Employee_School, Employee_YearGraduated, Employee_PhilHealthID, Employee_SSSID, Employee_PagIBIGID, Emergency_ContactName, Emergency_ContactRelationship, Emergency_ContactNumber) VALUES 
(20160001, 'jdsmith@onetwentyseven.com', 'password', '23 Main St, City', '+63 985 976-9095', '1984-04-25', 'Pasig City', 'M', 'Single', 'Filipino', 'PhD', 'UP Diliman', '2012', '87-13783541-5', '1753-1472439-5', '5530-0167-8967', 'Jeremy Smith', 'Brother', '+63 960 660-8866'),
(20170004, 'jedoe@onetwentyseven.com', 'password', '456 Oak St, Town', '+63 907 843-3035', '1991-09-13', 'Imus', 'F', 'Single', 'Filipino', 'Bachelor\'s Degree', 'UST', '2015', '48-18993821-6', '3497-7004892-0', '0829-4400-3402', 'Job Doe', 'Father', '+63 943 736-3440'),
(20180006, 'rajohnson@onetwentyseven.com', 'password', '789 Pine St, Village', '+63 993 563-4702', '1989-10-04', 'Manila', 'M', 'Single', 'Chinese', 'PhD', 'UP Baguio', '2017', '88-37805240-8', '4999-1852156-1', '5434-5851-0731', 'John Johnson', 'Father', '+63 900 491-2356'),
(20170056, 'edavis@onetwentyseven.com', 'password', '101 Maple St, County', '+63 903 245-2877', '1988-12-23', 'Calamba', 'F', 'Single', 'American', 'PhD', 'FEU', '2016', '03-99815859-1', '7522-3674751-3', '5919-9282-7638', 'Dean Davis', 'Grandfather', '+63 928 667-5170'),
(20180025, 'mdwilliams@onetwentyseven.com', 'password', '202 Cedar St, Hamlet', '+63 983 366-5205', '1991-03-14', 'Tokyo', 'M', 'Single', 'Irish', 'Master\'s Degree', 'ADMU', '2017', '75-99919902-3', '7930-0373421-7', '8948-7068-0867', 'Jodie Williams', 'Sister', '+63 946 912-7299'),
(20190013, 'smiller@onetwentyseven.com', 'password', '303 Elm St, City', '+63 931 287-0774', '1993-02-14', 'Hanoi', 'F', 'Single', 'Vietnamese', 'Bachelor\'s Degree', 'UP Diliman', '2017', '28-23685543-2', '7703-0530905-8', '4852-7172-1591', 'Jessica Miller', 'Cousin', '+63 921 177-8728'),
(20190014, 'detaylor@onetwentyseven.com', 'password', '404 Birch St, Town', '+63 903 551-2806', '1996-01-01', 'Baguio', 'M', 'Single', 'Filipino', 'Bachelor\'s Degree', 'SLU', '2020', '53-93863889-8', '6616-3258394-2', '3876-7691-8254', 'Swift Taylor', 'Mother', '+63 935 045-4634'),
(20230007, 'oanderson@onetwentyseven.com', 'password', '505 Redwood St, Village', '+63 999 242-4491', '1995-05-06', 'Davao', 'F', 'Single', 'Belgian', 'Bachelor\'s Degree', 'Stanford', '2019', '86-35338081-2', '3949-2947932-9', '7352-3109-9992', 'Keanu Anderson', 'Brother', '+63 921 224-9439'),
(20230012, 'wfbrown@onetwentyseven.com', 'password', '606 Cedar St, County', '+63 913 926-0726', '1994-02-01', 'Los Baños', 'M', 'Single', 'Indian', 'Bachelor\'s Degree', 'NU', '2018', '75-52833211-1', '4643-4193613-4', '4246-0252-5606', 'Blue Brown', 'Sister', '+63 964 559-1880'),
(20220001, 'amartin@onetwentyseven.com', 'password', '707 Maple St, Hamlet', '+63 912 736-3254', '1993-11-27', 'La Trinidad', 'F', 'Single', 'Filipino', 'PhD', 'ADMU', '2021', '80-50010748-0', '2970-2352953-4', '2496-5669-4541', 'Jeorg Martin', 'Father', '+63 961 170-7253'),
(20170007, 'ithompson@onetwentyseven.com', 'password', '808 Roxas Boulevard', '+63 978 724-8109', '1982-5-18', 'Pasay City', 'M', 'Married', 'American', 'Master\'s Degree', 'MIT', '2008', '51-98521420-4', '0483-4863872-9', '4681-4777-3482', 'Jessica Thompson', 'Wife', '+63 949 392-2631'),
(20230008, 'ersanchez@onetwentyseven.com', 'password', '909 Ayala Avenue', '+63 902 619-3123', '1985-8-30', 'Makati', 'F', 'Married', 'Filipino', 'Master\'s Degree', 'UP Baguio', '2011', '82-36879434-7', '6329-8045019-8', '9250-5540-2887', 'Eric Sanchez', 'Husband', '+63 976 302-1002'),
(20230009, 'lmramirez@onetwentyseven.com', 'password', '101 Katipunan Avenue', '+63 924 285-3070', '1994-11-2', 'Quezon City', 'M', 'Single', 'Filipino', 'Master\'s Degree', 'UP Baguio', '2020', '46-78207238-8', '7144-0612658-7', '7873-9393-1886', 'Liza Ramirez', 'Sister', '+63 913 910-2166'),
(20230010, 'gcruz@onetwentyseven.com', 'password', '202 Shaw Boulevard', '+63 929 155-3323', '1999-3-25', 'Mandaluyong', 'F', 'Single', 'Filipino', 'Bachelor\'s Degree', 'UP Diliman', '2023', '30-55002409-4', '4638-3480580-3', '6171-7544-1977', 'George Cruz', 'Father', '+63 915 785-5653'),
(20230011, 'emartinez@onetwentyseven.com', 'password', '303 McKinley Parkway', '+63 908 221-1266', '1998-7-12', 'Taguig', 'M', 'Single', 'Filipino', 'Bachelor\'s Degree', 'UC', '2022', '24-71579831-5', '9749-9151321-1', '4756-8117-7666', 'Emily Martinez', 'Mother', '+63 941 279-0420'),
(20160002, 'hcsalamanca@onetwentyseven.com', 'password', '105 Roxas Boulevard', '+63 902 518-9958', '1993-2-5', 'Parañaque', 'M', 'Single', 'Filipino', 'PhD', 'UP Diliman', '2021', '68-28369812-5', '1560-3855001-5', '4206-2798-4551', 'Zala Salamanca', 'Mother', '+63 996 902-6932'),
(20160076, 'bwalter@onetwentyseven.com', 'password', '108 Kayang St.', '+63 948 143-0723', '1992-4-12', 'Benguet', 'M', 'Single', 'Filipino', 'Bachelor\'s Degree', 'SLU', '2016', '65-19225342-7', '4443-1542045-9', '3509-1558-4100', 'Dale Walter', 'Brother', '+63 921 419-5467'),
(20180004, 'magrace@onetwentyseven.com', 'password', '28 Engineers Hill, Baguio', '+63 987 762-5118', '1993-5-21', 'La Trinidad', 'F', 'Single', 'American', 'Master\'s Degree', 'UP Baguio', '2019', '75-37343526-9', '9728-2993538-8', '6165-0275-7829', 'Love Peace', 'Friend', '+63 924 165-6498'),
(20230021, 'ssolivarez@onetwentyseven.com', 'password', '158 Military Cut Off, Baguio', '+63 993 159-0556', '1998-9-30', 'La Trinidad', 'F', 'Single', 'Filipino', 'Bachelor\'s Degree', 'UC', '2022', '27-61273908-0', '2255-7477071-7', '1841-2229-2751', 'Melanie Olivarez', 'Sister', '+63 962 038-0160'),
(20190011, 'jjames@onetwentyseven.com', 'password', 'Purok 12, Irisan', '+63 912 052-6469', '1997-2-21', 'Benguet', 'F', 'Single', 'Filipino', 'Bachelor\'s Degree', 'UB ', '2021', '95-16029780-3', '1037-3212863-0', '5376-7473-5950', 'James Chord', 'Brother', '+63 912 226-9381');